Instellation,P_background (bar),P_H2O (bar),P_CO2 (bar),Surface Albedo,Bond Albedo,Recirculation Factor,Surface Temperature (K)
0.1,1.0,1e-05,10.0,0.05,0.3,0.25,150.49712397986812
0.1,1.0,1e-06,10.0,0.05,0.3,0.25,149.18171297819055
0.1,1.0,1e-05,0.1,0.05,0.3,0.25,149.1544292425344
0.1,1.0,1e-06,1e-05,0.05,0.3,0.25,141.65589906675606
0.1,1.0,1e-05,1e-05,0.05,0.3,0.25,145.4880130351821
0.1,1.0,1e-06,0.0001,0.05,0.3,0.25,142.04426972681796
0.1,1.0,1e-05,0.01,0.05,0.3,0.25,147.71571041651924
0.1,1.0,1e-06,0.01,0.05,0.3,0.25,143.3801209409036
0.1,1.0,1e-06,0.1,0.05,0.3,0.25,144.7040127878442
0.1,1.0,1e-06,1.0,0.05,0.3,0.25,148.97174355019865
0.1,1.0,1e-06,1e-06,0.05,0.3,0.25,141.20775495748677
0.1,1.0,1e-05,1e-06,0.05,0.3,0.25,144.9401729421327
0.1,1.0,1e-05,0.001,0.05,0.3,0.25,146.68763791513365
0.1,1.0,1e-06,0.001,0.05,0.3,0.25,142.58206737155464
0.1,1.0,1e-05,0.0001,0.05,0.3,0.25,145.9814130324244
0.1,1.0,1e-05,1.0,0.05,0.3,0.25,152.7675050075981
0.1,1.0,0.0001,1e-05,0.05,0.3,0.25,151.77402570959615
0.1,1.0,0.0001,10.0,0.05,0.3,0.25,154.42704559489593
0.1,1.0,0.0001,1e-06,0.05,0.3,0.25,151.04484716779697
0.1,1.0,0.0001,0.0001,0.05,0.3,0.25,152.47569414669408
0.1,1.0,0.0001,1.0,0.05,0.3,0.25,161.2258938207201
0.1,1.0,0.0001,0.01,0.05,0.3,0.25,154.92538741547463
0.1,1.0,0.0001,0.001,0.05,0.3,0.25,153.5152431405863
0.1,1.0,0.0001,0.1,0.05,0.3,0.25,156.81404819308426
0.1,1.0,0.001,1e-06,0.05,0.3,0.25,159.32149177550508
0.1,1.0,0.001,0.01,0.05,0.3,0.25,165.10482288999086
0.1,1.0,0.001,10.0,0.05,0.3,0.25,163.45906891631557
0.1,1.0,0.001,0.0001,0.05,0.3,0.25,161.49218759485044
0.1,1.0,0.001,1.0,0.05,0.3,0.25,174.2362587565647
0.1,1.0,0.001,1e-05,0.05,0.3,0.25,160.40579161445638
0.1,1.0,0.001,0.001,0.05,0.3,0.25,163.1028933488852
0.1,1.0,0.01,1e-06,0.05,0.3,0.25,169.42769000839854
0.1,1.0,0.001,0.1,0.05,0.3,0.25,167.7168792569149
0.1,1.0,0.01,1e-05,0.05,0.3,0.25,171.0652572636992
0.1,1.0,0.01,10.0,0.05,0.3,0.25,176.7172704065099
0.1,1.0,0.01,0.1,0.05,0.3,0.25,181.78247691487277
0.1,1.0,0.01,0.01,0.05,0.3,0.25,178.18352806499576
0.1,1.0,0.01,0.001,0.05,0.3,0.25,175.2119781006352
0.1,1.0,0.01,1.0,0.05,0.3,0.25,189.93070554022202
0.1,1.0,0.01,0.0001,0.05,0.3,0.25,172.73238973144683
0.1,1.0,0.1,1e-06,0.05,0.3,0.25,181.40620459118293
0.1,1.0,0.1,0.0001,0.05,0.3,0.25,185.63958025820742
0.1,1.0,0.1,10.0,0.05,0.3,0.25,191.88612703462687
0.1,1.0,1.0,0.001,0.05,0.3,0.25,198.22073541250757
0.1,1.0,1.0,0.0001,0.05,0.3,0.25,196.26210771730425
0.1,1.0,1.0,1e-05,0.05,0.3,0.25,195.040363104986
0.1,1.0,0.1,0.001,0.05,0.3,0.25,188.68595578769748
0.1,1.0,1.0,0.01,0.05,0.3,0.25,200.5142106340029
0.1,1.0,1.0,1.0,0.05,0.3,0.25,208.23109841515048
0.1,1.0,0.1,1.0,0.05,0.3,0.25,201.07898658969867
0.1,1.0,0.1,1e-05,0.05,0.3,0.25,183.43719067988025
0.1,1.0,1.0,0.1,0.05,0.3,0.25,203.29305356813202
0.1,1.0,1.0,10.0,0.05,0.3,0.25,202.72965621589685
0.1,1.0,0.1,0.1,0.05,0.3,0.25,195.90475064446693
0.1,1.0,0.1,0.01,0.05,0.3,0.25,192.17796561250003
0.1,1.0,1.0,1e-06,0.05,0.3,0.25,194.16153554847529
0.2,1.0,1e-06,0.001,0.05,0.3,0.25,170.5374957313306
0.2,1.0,1e-06,0.01,0.05,0.3,0.25,171.92705062461098
0.1,1.0,10.0,1e-06,0.05,0.3,0.25,232.66954692927197
0.1,1.0,10.0,10.0,0.05,0.3,0.25,212.25814880181903
0.1,1.0,10.0,1e-05,0.05,0.3,0.25,232.83192042831388
0.1,1.0,10.0,0.001,0.05,0.3,0.25,234.68160459544666
0.1,1.0,10.0,0.1,0.05,0.3,0.25,240.85475093853924
0.1,1.0,10.0,0.01,0.05,0.3,0.25,236.7755280384373
0.2,1.0,1e-06,1e-05,0.05,0.3,0.25,168.37081400615375
0.1,1.0,10.0,0.0001,0.05,0.3,0.25,233.54916086492548
0.2,1.0,1e-06,0.0001,0.05,0.3,0.25,169.26748090846584
0.2,1.0,1e-06,1e-06,0.05,0.3,0.25,167.48277934364543
0.2,1.0,1e-06,1.0,0.05,0.3,0.25,178.1067378774702
0.2,1.0,1e-06,0.1,0.05,0.3,0.25,173.65150881835768
0.1,1.0,10.0,1.0,0.05,0.3,0.25,256.87606230214084
0.2,1.0,1e-06,10.0,0.05,0.3,0.25,178.058050816793
0.2,1.0,1e-05,1e-06,0.05,0.3,0.25,170.95255157957155
0.2,1.0,1e-05,1.0,0.05,0.3,0.25,182.74953423560183
0.2,1.0,1e-05,1e-05,0.05,0.3,0.25,171.9716193704077
0.2,1.0,1e-05,0.0001,0.05,0.3,0.25,173.01457950507867
0.2,1.0,1e-05,10.0,0.05,0.3,0.25,179.8724721758762
0.2,1.0,1e-05,0.1,0.05,0.3,0.25,178.10360921538526
0.2,1.0,1e-05,0.001,0.05,0.3,0.25,174.4961209038507
0.2,1.0,1e-05,0.01,0.05,0.3,0.25,176.1140389504882
0.2,1.0,0.0001,1e-05,0.05,0.3,0.25,178.1151311724485
0.2,1.0,0.0001,0.001,0.05,0.3,0.25,181.33884950400213
0.2,1.0,0.0001,1.0,0.05,0.3,0.25,192.33647051256412
0.2,1.0,0.0001,0.0001,0.05,0.3,0.25,179.45450842365122
0.2,1.0,0.0001,1e-06,0.05,0.3,0.25,176.8516260075849
0.2,1.0,0.0001,0.01,0.05,0.3,0.25,183.36183682058078
0.2,1.0,0.0001,0.1,0.05,0.3,0.25,185.8637380806215
0.2,1.0,0.001,0.1,0.05,0.3,0.25,197.0372269406532
0.2,1.0,0.001,1e-06,0.05,0.3,0.25,185.1291921154234
0.2,1.0,0.0001,10.0,0.05,0.3,0.25,184.97713037798275
0.2,1.0,0.001,0.001,0.05,0.3,0.25,191.13389675840588
0.2,1.0,0.001,1e-05,0.05,0.3,0.25,186.7913192131256
0.2,1.0,0.001,0.0001,0.05,0.3,0.25,188.5959604588408
0.2,1.0,0.001,1.0,0.05,0.3,0.25,206.58527454208885
0.2,1.0,0.001,10.0,0.05,0.3,0.25,195.74534619180605
0.2,1.0,0.001,0.01,0.05,0.3,0.25,193.7692786010166
0.2,1.0,0.01,1e-06,0.05,0.3,0.25,195.74454961250598
0.2,1.0,0.01,1e-05,0.05,0.3,0.25,197.93886161487293
0.2,1.0,0.01,0.001,0.05,0.3,0.25,203.80297741323767
0.2,1.0,0.01,10.0,0.05,0.3,0.25,211.99222704444125
0.2,1.0,0.1,1.0,0.05,0.3,0.25,235.58676044906122
0.2,1.0,0.1,0.01,0.05,0.3,0.25,220.77003824043692
0.2,1.0,0.1,0.001,0.05,0.3,0.25,216.95279232007792
0.2,1.0,0.01,0.0001,0.05,0.3,0.25,200.42477098505177
0.2,1.0,0.1,1e-06,0.05,0.3,0.25,208.42898912779725
0.2,1.0,0.01,1.0,0.05,0.3,0.25,224.30938474805006
0.2,1.0,0.01,0.01,0.05,0.3,0.25,207.28314734581966
0.2,1.0,0.1,0.1,0.05,0.3,0.25,225.7999521991866
0.2,1.0,0.1,0.0001,0.05,0.3,0.25,213.38930941727207
0.2,1.0,0.01,0.1,0.05,0.3,0.25,211.63662222502708
0.2,1.0,1.0,1e-06,0.05,0.3,0.25,225.72021789055697
0.2,1.0,0.1,10.0,0.05,0.3,0.25,227.2636682227382
0.2,1.0,1.0,1e-05,0.05,0.3,0.25,226.42934622267427
0.2,1.0,0.1,1e-05,0.05,0.3,0.25,210.65933405924008
0.2,1.0,1.0,0.0001,0.05,0.3,0.25,227.80351119255744
0.2,1.0,1.0,0.001,0.05,0.3,0.25,229.973855341424
0.2,1.0,1.0,0.01,0.05,0.3,0.25,232.90394837601588
0.2,1.0,1.0,0.1,0.05,0.3,0.25,239.33661558261932
0.2,1.0,1.0,1.0,0.05,0.3,0.25,251.99616938843783
0.2,1.0,10.0,1e-06,0.05,0.3,0.25,309.8046178640391
0.3,1.0,1e-06,1e-06,0.05,0.3,0.25,185.1452254817683
0.2,1.0,1.0,10.0,0.05,0.3,0.25,238.40976458054922
0.2,1.0,10.0,1.0,0.05,0.3,0.25,367.6068614817067
0.2,1.0,10.0,0.01,0.05,0.3,0.25,318.7008755323273
0.3,1.0,1e-06,0.0001,0.05,0.3,0.25,187.70790017827608
0.3,1.0,1e-06,0.001,0.05,0.3,0.25,189.4918119260335
0.3,1.0,1e-06,0.01,0.05,0.3,0.25,191.26073995539969
0.3,1.0,1e-06,1e-05,0.05,0.3,0.25,186.3709715392404
0.3,1.0,1e-06,1.0,0.05,0.3,0.25,198.60959274158503
0.2,1.0,10.0,0.001,0.05,0.3,0.25,314.18508111184553
0.3,1.0,1e-06,0.1,0.05,0.3,0.25,193.31712836968347
0.3,1.0,1e-06,10.0,0.05,0.3,0.25,198.8401350679431
0.2,1.0,10.0,1e-05,0.05,0.3,0.25,310.0762974685586
0.2,1.0,10.0,0.0001,0.05,0.3,0.25,311.3646670480929
0.3,1.0,1e-05,1e-06,0.05,0.3,0.25,188.50776118540463
0.3,1.0,1e-05,0.0001,0.05,0.3,0.25,191.38631436667677
0.3,1.0,1e-05,1e-05,0.05,0.3,0.25,189.88262523521306
0.2,1.0,10.0,0.1,0.05,0.3,0.25,327.92467456504426
0.3,1.0,1e-05,0.01,0.05,0.3,0.25,195.39939208247077
0.3,1.0,1e-05,0.001,0.05,0.3,0.25,193.38900182326577
0.2,1.0,10.0,10.0,0.05,0.3,0.25,263.5064785104053
0.3,1.0,1e-05,1.0,0.05,0.3,0.25,204.14987941303727
0.3,1.0,1e-05,0.1,0.05,0.3,0.25,197.81385759923188
0.3,1.0,0.0001,0.0001,0.05,0.3,0.25,197.8327003379026
0.3,1.0,0.0001,1e-06,0.05,0.3,0.25,194.35205864683644
0.3,1.0,0.0001,0.001,0.05,0.3,0.25,200.26872238957708
0.3,1.0,0.0001,10.0,0.05,0.3,0.25,207.55430310398106
0.3,1.0,1e-05,10.0,0.05,0.3,0.25,201.22398683214982
0.3,1.0,0.0001,1.0,0.05,0.3,0.25,215.0956728755734
0.3,1.0,0.001,1e-06,0.05,0.3,0.25,202.71022898548628
0.3,1.0,0.0001,1e-05,0.05,0.3,0.25,195.99144976675913
0.3,1.0,0.001,0.001,0.05,0.3,0.25,210.22111776118913
0.3,1.0,0.0001,0.01,0.05,0.3,0.25,202.7005964655038
0.3,1.0,0.0001,0.1,0.05,0.3,0.25,205.80323257544367
0.3,1.0,0.001,0.1,0.05,0.3,0.25,217.52950890509896
0.3,1.0,0.001,0.0001,0.05,0.3,0.25,207.11422426098727
0.3,1.0,0.001,10.0,0.05,0.3,0.25,219.47821780775868
0.3,1.0,0.001,1.0,0.05,0.3,0.25,230.6869527707799
0.3,1.0,0.001,1e-05,0.05,0.3,0.25,204.760343695813
0.3,1.0,0.001,0.01,0.05,0.3,0.25,213.30368967414478
0.3,1.0,0.01,1e-05,0.05,0.3,0.25,216.27656706900441
0.3,1.0,0.01,1e-06,0.05,0.3,0.25,213.741807311992
0.3,1.0,0.01,0.0001,0.05,0.3,0.25,219.28408875986273
0.3,1.0,0.01,0.01,0.05,0.3,0.25,227.11892625594183
0.3,1.0,0.01,0.1,0.05,0.3,0.25,232.79675081515043
0.3,1.0,0.01,10.0,0.05,0.3,0.25,235.9873943503619
0.3,1.0,0.01,1.0,0.05,0.3,0.25,248.9021048662401
0.3,1.0,0.1,0.001,0.05,0.3,0.25,236.4911272277542
0.3,1.0,0.1,0.01,0.05,0.3,0.25,240.7829633234028
0.3,1.0,0.01,0.001,0.05,0.3,0.25,223.15715662108232
0.3,1.0,0.1,0.0001,0.05,0.3,0.25,232.60710404677715
0.3,1.0,0.1,0.1,0.05,0.3,0.25,247.67498413321493
0.3,1.0,1.0,0.0001,0.05,0.3,0.25,252.26752810462878
0.3,1.0,1.0,1e-05,0.05,0.3,0.25,250.76471515670272
0.3,1.0,0.1,1e-05,0.05,0.3,0.25,229.63731023037337
0.3,1.0,0.1,1e-06,0.05,0.3,0.25,227.39695507481557
0.3,1.0,1.0,0.001,0.05,0.3,0.25,254.7655100578759
0.3,1.0,1.0,1e-06,0.05,0.3,0.25,250.13764107940403
0.3,1.0,1.0,0.1,0.05,0.3,0.25,270.20935870435784
0.3,1.0,1.0,0.01,0.05,0.3,0.25,258.8773193086629
0.3,1.0,0.1,10.0,0.05,0.3,0.25,252.44979094361992
0.3,1.0,0.1,1.0,0.05,0.3,0.25,262.5562407645611
0.3,1.0,10.0,1e-06,0.05,0.3,0.25,369.08473007689344
0.3,1.0,10.0,0.0001,0.05,0.3,0.25,370.8764027620709
0.3,1.0,1.0,10.0,0.05,0.3,0.25,267.2457384847772
0.3,1.0,10.0,0.01,0.05,0.3,0.25,381.31479517764546
0.3,1.0,1.0,1.0,0.05,0.3,0.25,297.81494089465093
0.4,1.0,1e-06,1e-06,0.05,0.3,0.25,198.81629933671067
0.4,1.0,1e-06,1e-05,0.05,0.3,0.25,200.30988868442702
0.3,1.0,10.0,0.001,0.05,0.3,0.25,374.57620232296676
0.4,1.0,1e-06,0.01,0.05,0.3,0.25,206.24402769598
0.4,1.0,1e-06,0.001,0.05,0.3,0.25,204.17309279840987
0.4,1.0,1e-06,0.0001,0.05,0.3,0.25,202.01467863481162
0.4,1.0,1e-06,1.0,0.05,0.3,0.25,215.61378979365776
0.3,1.0,10.0,0.1,0.05,0.3,0.25,394.3479632400093
0.4,1.0,1e-06,0.1,0.05,0.3,0.25,208.7482641637608
0.4,1.0,1e-06,10.0,0.05,0.3,0.25,215.57207850972225
0.3,1.0,10.0,1e-05,0.05,0.3,0.25,369.51038023577576
0.4,1.0,1e-05,0.0001,0.05,0.3,0.25,205.6790973228663
0.4,1.0,1e-05,1e-05,0.05,0.3,0.25,203.7931879182202
0.4,1.0,1e-05,1e-06,0.05,0.3,0.25,202.14048789481498
0.4,1.0,1e-05,0.01,0.05,0.3,0.25,210.38787248866095
0.4,1.0,1e-05,10.0,0.05,0.3,0.25,218.1592390269103
0.4,1.0,1e-05,1.0,0.05,0.3,0.25,221.52952488792099
0.4,1.0,0.0001,1e-06,0.05,0.3,0.25,208.0064712278166
0.4,1.0,0.0001,1e-05,0.05,0.3,0.25,209.94589126852702
0.4,1.0,1e-05,0.1,0.05,0.3,0.25,213.37152648376863
0.4,1.0,0.0001,0.0001,0.05,0.3,0.25,212.1954015742748
0.3,1.0,10.0,10.0,0.05,0.3,0.25,324.7379812778839
0.4,1.0,1e-05,0.001,0.05,0.3,0.25,208.05931725495424
0.4,1.0,0.0001,0.01,0.05,0.3,0.25,217.81888965869248
0.3,1.0,10.0,1.0,0.05,0.3,0.25,442.73546060754785
0.4,1.0,0.0001,10.0,0.05,0.3,0.25,224.94707092120888
0.4,1.0,0.001,1e-06,0.05,0.3,0.25,216.50402645635475
0.4,1.0,0.0001,0.001,0.05,0.3,0.25,215.01636212233174
0.4,1.0,0.001,0.0001,0.05,0.3,0.25,221.6494306761767
0.4,1.0,0.001,0.01,0.05,0.3,0.25,228.69173572851332
0.4,1.0,0.001,1e-05,0.05,0.3,0.25,218.85711601864395
0.4,1.0,0.0001,1.0,0.05,0.3,0.25,233.24556077312798
0.4,1.0,0.001,0.001,0.05,0.3,0.25,225.1488949672458
0.4,1.0,0.0001,0.1,0.05,0.3,0.25,221.6849406069611
0.4,1.0,0.001,0.1,0.05,0.3,0.25,233.94107742698412
0.4,1.0,0.001,10.0,0.05,0.3,0.25,237.75019012888396
0.4,1.0,0.01,0.0001,0.05,0.3,0.25,234.0988370133656
0.4,1.0,0.001,1.0,0.05,0.3,0.25,249.89192941585392
0.4,1.0,0.01,0.01,0.05,0.3,0.25,242.79779075458018
0.4,1.0,0.01,0.1,0.05,0.3,0.25,249.86541720605743
0.4,1.0,0.01,1e-06,0.05,0.3,0.25,227.93897528599933
0.4,1.0,0.01,1e-05,0.05,0.3,0.25,230.68817296697603
0.4,1.0,0.1,1e-05,0.05,0.3,0.25,244.86083109302749
0.4,1.0,0.01,10.0,0.05,0.3,0.25,255.74076622452512
0.4,1.0,0.1,1e-06,0.05,0.3,0.25,242.63215742672813
0.4,1.0,0.1,0.001,0.05,0.3,0.25,252.11496576539187
0.4,1.0,0.01,0.001,0.05,0.3,0.25,238.33773028179886
0.4,1.0,0.1,0.0001,0.05,0.3,0.25,248.02156064436136
0.4,1.0,0.1,1.0,0.05,0.3,0.25,286.56948625105963
0.4,1.0,0.1,0.1,0.05,0.3,0.25,266.1907119788263
0.4,1.0,0.01,1.0,0.05,0.3,0.25,269.68535049845605
0.4,1.0,0.1,10.0,0.05,0.3,0.25,273.20961260068606
0.4,1.0,1.0,1e-06,0.05,0.3,0.25,272.2537218929314
0.4,1.0,1.0,1e-05,0.05,0.3,0.25,272.9115477324821
0.4,1.0,0.1,0.01,0.05,0.3,0.25,256.96227487957555
0.4,1.0,10.0,0.0001,0.05,0.3,0.25,421.58931987447454
0.4,1.0,10.0,0.001,0.05,0.3,0.25,425.8579625274702
0.4,1.0,10.0,1e-06,0.05,0.3,0.25,419.6132567172401
0.4,1.0,1.0,0.01,0.05,0.3,0.25,283.46064964116835
0.4,1.0,1.0,10.0,0.05,0.3,0.25,294.9729458725249
0.4,1.0,1.0,0.1,0.05,0.3,0.25,300.0738312469095
0.4,1.0,10.0,0.01,0.05,0.3,0.25,433.8689971606506
0.5,1.0,1e-06,1e-06,0.05,0.3,0.25,210.11888289777647
0.4,1.0,1.0,0.0001,0.05,0.3,0.25,274.65601075878527
0.4,1.0,10.0,1.0,0.05,0.3,0.25,497.97602102187875
0.4,1.0,10.0,10.0,0.05,0.3,0.25,375.58303596319735
0.4,1.0,1.0,0.001,0.05,0.3,0.25,277.7057418653092
0.5,1.0,1e-06,0.0001,0.05,0.3,0.25,213.8459267246851
0.5,1.0,1e-06,1e-05,0.05,0.3,0.25,211.83290508308923
0.5,1.0,1e-06,0.01,0.05,0.3,0.25,218.63756722530118
0.5,1.0,1e-06,0.001,0.05,0.3,0.25,216.28996906670713
0.5,1.0,1e-06,10.0,0.05,0.3,0.25,229.4658779018621
0.4,1.0,1.0,1.0,0.05,0.3,0.25,342.9053011596895
0.5,1.0,1e-06,1.0,0.05,0.3,0.25,229.55246229248468
0.5,1.0,1e-05,1e-06,0.05,0.3,0.25,213.44337887976752
0.5,1.0,1e-06,0.1,0.05,0.3,0.25,221.71788485387498
0.4,1.0,10.0,1e-05,0.05,0.3,0.25,420.1957178641624
0.5,1.0,1e-05,1e-05,0.05,0.3,0.25,215.33007488792637
0.5,1.0,1e-05,0.01,0.05,0.3,0.25,222.8327048854212
0.5,1.0,1e-05,0.0001,0.05,0.3,0.25,217.53025289622266
0.5,1.0,1e-05,0.001,0.05,0.3,0.25,220.1965362301158
0.4,1.0,10.0,0.1,0.05,0.3,0.25,450.15074028754356
0.5,1.0,0.0001,1e-06,0.05,0.3,0.25,219.3771603065993
0.5,1.0,1e-05,1.0,0.05,0.3,0.25,235.87762097728546
0.5,1.0,0.0001,1e-05,0.05,0.3,0.25,221.56092383292585
0.5,1.0,0.0001,1.0,0.05,0.3,0.25,248.5926894669268
0.5,1.0,0.0001,0.01,0.05,0.3,0.25,230.43128687413963
0.5,1.0,0.0001,0.001,0.05,0.3,0.25,227.26165260177407
0.5,1.0,0.0001,0.0001,0.05,0.3,0.25,224.13793373394796
0.5,1.0,1e-05,10.0,0.05,0.3,0.25,232.2216955245582
0.5,1.0,0.0001,0.1,0.05,0.3,0.25,235.12905538543774
0.5,1.0,1e-05,0.1,0.05,0.3,0.25,226.47762173277383
0.5,1.0,0.001,1e-06,0.05,0.3,0.25,228.0546859242331
0.5,1.0,0.0001,10.0,0.05,0.3,0.25,239.48981073498032
0.5,1.0,0.001,1e-05,0.05,0.3,0.25,230.6516519603678
0.5,1.0,0.001,10.0,0.05,0.3,0.25,253.43620514493244
0.5,1.0,0.001,1.0,0.05,0.3,0.25,266.8392985229669
0.5,1.0,0.001,0.1,0.05,0.3,0.25,247.98716593282998
0.5,1.0,0.001,0.001,0.05,0.3,0.25,237.6177716793073
0.5,1.0,0.001,0.0001,0.05,0.3,0.25,233.79679629873215
0.5,1.0,0.01,0.001,0.05,0.3,0.25,251.07638886622988
0.5,1.0,0.01,1e-06,0.05,0.3,0.25,239.90772401234042
0.5,1.0,0.01,0.0001,0.05,0.3,0.25,246.54255912514247
0.5,1.0,0.001,0.01,0.05,0.3,0.25,241.6377721193799
0.5,1.0,0.01,1e-05,0.05,0.3,0.25,242.83178719819614
0.5,1.0,0.01,0.1,0.05,0.3,0.25,264.6539906248576
0.5,1.0,0.01,10.0,0.05,0.3,0.25,272.3462588532067
0.5,1.0,0.1,0.0001,0.05,0.3,0.25,261.23585317927035
0.5,1.0,0.01,0.01,0.05,0.3,0.25,256.1299308045328
0.5,1.0,0.1,0.01,0.05,0.3,0.25,271.17305454611136
0.5,1.0,0.01,1.0,0.05,0.3,0.25,287.48692197027316
0.5,1.0,0.1,0.001,0.05,0.3,0.25,265.5693355027898
0.5,1.0,0.1,1e-05,0.05,0.3,0.25,257.9342495692172
0.5,1.0,0.1,1e-06,0.05,0.3,0.25,255.73720584567587
0.5,1.0,1.0,1e-05,0.05,0.3,0.25,293.64571508403037
0.5,1.0,0.1,1.0,0.05,0.3,0.25,311.9156086495946
0.5,1.0,1.0,0.001,0.05,0.3,0.25,299.2998537567341
0.5,1.0,1.0,0.01,0.05,0.3,0.25,306.96188872796256
0.5,1.0,0.1,0.1,0.05,0.3,0.25,282.8110966500636
0.5,1.0,0.1,10.0,0.05,0.3,0.25,293.09207373679277
0.5,1.0,1.0,1e-06,0.05,0.3,0.25,292.9005300565043
0.5,1.0,10.0,0.0001,0.05,0.3,0.25,465.50648542524596
0.5,1.0,1.0,1.0,0.05,0.3,0.25,379.4264512629646
0.5,1.0,10.0,1e-06,0.05,0.3,0.25,463.4480624503159
0.5,1.0,1.0,0.1,0.05,0.3,0.25,328.6307720211277
0.5,1.0,1.0,0.0001,0.05,0.3,0.25,295.6475233466167
0.6,1.0,1e-06,1e-06,0.05,0.3,0.25,219.8321410318357
0.6,1.0,1e-06,0.0001,0.05,0.3,0.25,223.99501514177155
0.6,1.0,1e-06,1e-05,0.05,0.3,0.25,221.73107894652043
0.6,1.0,1e-06,0.001,0.05,0.3,0.25,226.665332072159
0.5,1.0,10.0,0.1,0.05,0.3,0.25,498.4757214667976
0.6,1.0,1e-06,1.0,0.05,0.3,0.25,241.62807907529447
0.6,1.0,1e-06,0.1,0.05,0.3,0.25,232.97250085762212
0.6,1.0,1e-06,10.0,0.05,0.3,0.25,241.58625519561144
0.5,1.0,10.0,1e-05,0.05,0.3,0.25,464.0255214025253
0.6,1.0,1e-06,0.01,0.05,0.3,0.25,229.29913187945104
0.5,1.0,10.0,10.0,0.05,0.3,0.25,409.11645264423134
0.5,1.0,1.0,10.0,0.05,0.3,0.25,324.27832463164725
0.5,1.0,10.0,0.001,0.05,0.3,0.25,470.2109378332294
0.6,1.0,1e-05,1e-05,0.05,0.3,0.25,225.2578345514497
0.6,1.0,1e-05,1e-06,0.05,0.3,0.25,223.18213001364492
0.5,1.0,10.0,1.0,0.05,0.3,0.25,547.7244158388801
0.6,1.0,1e-05,0.0001,0.05,0.3,0.25,227.71876264367458
0.6,1.0,1e-05,0.001,0.05,0.3,0.25,230.61715929359957
0.6,1.0,1e-05,0.01,0.05,0.3,0.25,233.5633188982869
0.6,1.0,0.0001,1e-06,0.05,0.3,0.25,229.21069396086762
0.6,1.0,1e-05,10.0,0.05,0.3,0.25,244.54012815170623
0.6,1.0,1e-05,1.0,0.05,0.3,0.25,248.48280258845344
0.6,1.0,0.0001,0.0001,0.05,0.3,0.25,234.45415262051506
0.6,1.0,1e-05,0.1,0.05,0.3,0.25,237.8462835123736
0.6,1.0,0.0001,0.001,0.05,0.3,0.25,237.8266576070538
0.5,1.0,10.0,0.01,0.05,0.3,0.25,479.56838500827166
0.6,1.0,0.0001,1e-05,0.05,0.3,0.25,231.59562890159216
0.6,1.0,0.0001,1.0,0.05,0.3,0.25,262.22480693756967
0.6,1.0,0.001,0.0001,0.05,0.3,0.25,244.34672566933887
0.6,1.0,0.0001,10.0,0.05,0.3,0.25,252.273344024861
0.6,1.0,0.001,1e-05,0.05,0.3,0.25,240.90104550427594
0.6,1.0,0.0001,0.1,0.05,0.3,0.25,246.90925037573157
0.6,1.0,0.0001,0.01,0.05,0.3,0.25,241.38476339670464
0.6,1.0,0.001,0.1,0.05,0.3,0.25,260.44692402410413
0.6,1.0,0.001,0.01,0.05,0.3,0.25,252.98302164477738
0.6,1.0,0.001,1e-06,0.05,0.3,0.25,238.0924019256236
0.6,1.0,0.001,0.001,0.05,0.3,0.25,248.44757630660672
0.6,1.0,0.01,1e-06,0.05,0.3,0.25,250.39971223026595
0.6,1.0,0.001,1.0,0.05,0.3,0.25,281.9336273431001
0.6,1.0,0.01,1e-05,0.05,0.3,0.25,253.46976520506215
0.6,1.0,0.001,10.0,0.05,0.3,0.25,266.85642724275084
0.6,1.0,0.01,0.001,0.05,0.3,0.25,262.23772425411863
0.6,1.0,0.01,0.01,0.05,0.3,0.25,267.9139378127388
0.6,1.0,0.01,0.0001,0.05,0.3,0.25,257.43636071809954
0.6,1.0,0.01,0.1,0.05,0.3,0.25,277.87524019124214
0.6,1.0,1.0,1e-06,0.05,0.3,0.25,312.87188174140545
0.6,1.0,0.1,1e-06,0.05,0.3,0.25,267.44247793628654
0.6,1.0,0.1,0.0001,0.05,0.3,0.25,273.0440512954956
0.6,1.0,0.1,0.1,0.05,0.3,0.25,298.2015442992059
0.6,1.0,0.1,0.01,0.05,0.3,0.25,284.01614356922494
0.6,1.0,1.0,1e-05,0.05,0.3,0.25,313.63129995794696
0.6,1.0,1.0,0.0001,0.05,0.3,0.25,315.8581726800791
0.6,1.0,0.1,1e-05,0.05,0.3,0.25,269.6214069354207
0.6,1.0,1.0,0.001,0.05,0.3,0.25,320.14192836786003
0.6,1.0,0.1,10.0,0.05,0.3,0.25,312.39365238679466
0.6,1.0,0.1,1.0,0.05,0.3,0.25,336.42906838735524
0.6,1.0,0.01,10.0,0.05,0.3,0.25,287.7508693282017
0.6,1.0,0.01,1.0,0.05,0.3,0.25,305.0367667123797
0.6,1.0,0.1,0.001,0.05,0.3,0.25,277.61177119505675
0.6,1.0,1.0,0.1,0.05,0.3,0.25,354.56899145577773
0.7,1.0,1e-06,1e-06,0.05,0.3,0.25,228.40033073250322
0.6,1.0,1.0,0.01,0.05,0.3,0.25,329.4304809515927
0.6,1.0,10.0,1e-06,0.05,0.3,0.25,502.44361441705473
0.7,1.0,1e-06,1e-05,0.05,0.3,0.25,230.45420504037543
0.6,1.0,1.0,1.0,0.05,0.3,0.25,410.2860661409155
0.6,1.0,10.0,0.001,0.05,0.3,0.25,509.35941134326134
0.6,1.0,10.0,1e-05,0.05,0.3,0.25,502.9795817184045
0.7,1.0,1e-06,0.0001,0.05,0.3,0.25,232.92858252630955
0.6,1.0,10.0,1.0,0.05,0.3,0.25,593.0468902524636
0.7,1.0,1e-06,0.001,0.05,0.3,0.25,235.78700007666436
0.7,1.0,1e-06,0.01,0.05,0.3,0.25,238.70392344106006
0.7,1.0,1e-06,10.0,0.05,0.3,0.25,252.3675556706372
0.7,1.0,1e-06,0.1,0.05,0.3,0.25,242.966587045696
0.7,1.0,1e-05,0.0001,0.05,0.3,0.25,236.69934298016094
0.7,1.0,1e-05,1e-06,0.05,0.3,0.25,231.78679722577704
0.6,1.0,1.0,10.0,0.05,0.3,0.25,350.79839433679103
0.6,1.0,10.0,0.01,0.05,0.3,0.25,520.1299611840384
0.7,1.0,1e-05,1e-05,0.05,0.3,0.25,234.02473466243117
0.6,1.0,10.0,0.0001,0.05,0.3,0.25,504.522663127228
0.7,1.0,1e-05,0.001,0.05,0.3,0.25,239.8024697919247
0.6,1.0,10.0,10.0,0.05,0.3,0.25,433.93373693502565
0.7,1.0,1e-06,1.0,0.05,0.3,0.25,252.58501627955496
0.7,1.0,1e-05,0.1,0.05,0.3,0.25,247.97736488257658
0.7,1.0,1e-05,10.0,0.05,0.3,0.25,255.4343751612912
0.7,1.0,1e-05,0.01,0.05,0.3,0.25,243.06514002858876
0.7,1.0,0.0001,1e-06,0.05,0.3,0.25,237.93364029416247
0.7,1.0,0.0001,0.001,0.05,0.3,0.25,247.1812731260938
0.7,1.0,0.0001,0.0001,0.05,0.3,0.25,243.5867687556436
0.7,1.0,1e-05,1.0,0.05,0.3,0.25,259.8522830735634
0.7,1.0,0.0001,1.0,0.05,0.3,0.25,274.37080864641496
0.7,1.0,0.001,1e-06,0.05,0.3,0.25,247.04121997806314
0.7,1.0,0.0001,1e-05,0.05,0.3,0.25,240.4957638008913
0.7,1.0,0.001,1e-05,0.05,0.3,0.25,250.02908003394802
0.7,1.0,0.0001,10.0,0.05,0.3,0.25,263.36797987408397
0.7,1.0,0.0001,0.1,0.05,0.3,0.25,257.5107168748317
0.6,1.0,10.0,0.1,0.05,0.3,0.25,541.1596984560199
0.7,1.0,0.0001,0.01,0.05,0.3,0.25,251.13499494142928
0.7,1.0,0.001,0.001,0.05,0.3,0.25,258.103023700904
0.7,1.0,0.001,0.0001,0.05,0.3,0.25,253.7460229602567
0.7,1.0,0.001,0.01,0.05,0.3,0.25,263.14423169149825
0.7,1.0,0.01,1e-06,0.05,0.3,0.25,259.8183380778018
0.7,1.0,0.001,10.0,0.05,0.3,0.25,278.89390536945365
0.7,1.0,0.01,0.0001,0.05,0.3,0.25,267.1965160756385
0.7,1.0,0.01,0.001,0.05,0.3,0.25,272.24969907928886
0.7,1.0,0.001,0.1,0.05,0.3,0.25,271.75397232488746
0.7,1.0,0.001,1.0,0.05,0.3,0.25,295.78520808065934
0.7,1.0,0.01,0.01,0.05,0.3,0.25,278.53617190527245
0.7,1.0,0.01,0.1,0.05,0.3,0.25,289.99395544072115
0.7,1.0,0.1,0.0001,0.05,0.3,0.25,283.858553602291
0.7,1.0,0.01,1e-05,0.05,0.3,0.25,262.99568771318627
0.7,1.0,0.1,1e-06,0.05,0.3,0.25,278.13494778260593
0.7,1.0,0.01,1.0,0.05,0.3,0.25,321.8709539932401
0.7,1.0,0.1,0.01,0.05,0.3,0.25,295.8929946078395
0.7,1.0,0.1,0.1,0.05,0.3,0.25,312.83484271858435
0.7,1.0,1.0,1e-06,0.05,0.3,0.25,331.63433291673743
0.7,1.0,0.01,10.0,0.05,0.3,0.25,302.73860480489463
0.7,1.0,0.1,1e-05,0.05,0.3,0.25,280.2819274927616
0.7,1.0,0.1,10.0,0.05,0.3,0.25,329.00083471772035
0.7,1.0,1.0,0.0001,0.05,0.3,0.25,334.88259152420596
0.7,1.0,0.1,1.0,0.05,0.3,0.25,358.2837096357281
0.7,1.0,1.0,0.001,0.05,0.3,0.25,339.6576122627857
0.7,1.0,0.1,0.001,0.05,0.3,0.25,288.63342694553484
0.7,1.0,1.0,0.1,0.05,0.3,0.25,378.0394161690969
0.7,1.0,1.0,1e-05,0.05,0.3,0.25,332.45363882651685
0.7,1.0,1.0,10.0,0.05,0.3,0.25,375.13437587666675
0.7,1.0,1.0,0.01,0.05,0.3,0.25,350.62780863524944
0.7999999999999999,1.0,1e-06,1e-06,0.05,0.3,0.25,236.09453383069928
0.7,1.0,10.0,0.001,0.05,0.3,0.25,545.0026741637296
0.7999999999999999,1.0,1e-06,1e-05,0.05,0.3,0.25,238.28285425250397
0.7,1.0,10.0,0.0001,0.05,0.3,0.25,540.1959108913858
0.7999999999999999,1.0,1e-06,0.001,0.05,0.3,0.25,243.96399827773905
0.7,1.0,10.0,0.01,0.05,0.3,0.25,556.4132778741923
0.7999999999999999,1.0,1e-06,0.0001,0.05,0.3,0.25,240.94059237163611
0.7999999999999999,1.0,1e-06,0.1,0.05,0.3,0.25,251.96900554940058
0.7,1.0,1.0,1.0,0.05,0.3,0.25,436.9449362848467
0.7999999999999999,1.0,1e-06,0.01,0.05,0.3,0.25,247.1627069954302
0.7,1.0,10.0,1.0,0.05,0.3,0.25,633.43038986497
0.7999999999999999,1.0,1e-05,1e-05,0.05,0.3,0.25,241.90521104945648
0.7999999999999999,1.0,1e-06,10.0,0.05,0.3,0.25,261.91581614476814
0.7,1.0,10.0,1e-06,0.05,0.3,0.25,537.8759774521894
0.7999999999999999,1.0,1e-05,1e-06,0.05,0.3,0.25,239.52960640276052
0.7999999999999999,1.0,1e-06,1.0,0.05,0.3,0.25,262.36512140610984
0.7,1.0,10.0,10.0,0.05,0.3,0.25,455.65954516947426
0.7999999999999999,1.0,1e-05,0.001,0.05,0.3,0.25,248.04095267887146
0.7999999999999999,1.0,1e-05,0.01,0.05,0.3,0.25,251.62936593008106
0.7999999999999999,1.0,1e-05,0.0001,0.05,0.3,0.25,244.7670848683257
0.7,1.0,10.0,1e-05,0.05,0.3,0.25,538.605992672085
0.7,1.0,10.0,0.1,0.05,0.3,0.25,580.0343792868623
0.7999999999999999,1.0,1e-05,1.0,0.05,0.3,0.25,269.94350650390555
0.7999999999999999,1.0,1e-05,0.1,0.05,0.3,0.25,257.18516450319083
0.7999999999999999,1.0,0.0001,1e-05,0.05,0.3,0.25,248.52520153952298
0.7999999999999999,1.0,0.0001,0.0001,0.05,0.3,0.25,251.82689126670397
0.7999999999999999,1.0,0.0001,0.01,0.05,0.3,0.25,259.9893811900618
0.7999999999999999,1.0,0.0001,0.001,0.05,0.3,0.25,255.62724005266068
0.7999999999999999,1.0,0.0001,1e-06,0.05,0.3,0.25,245.81161111399413
0.7999999999999999,1.0,0.001,1e-05,0.05,0.3,0.25,258.31055699461285
0.7999999999999999,1.0,0.001,1e-06,0.05,0.3,0.25,255.17311640757703
0.7999999999999999,1.0,0.0001,10.0,0.05,0.3,0.25,273.35667030886685
0.7999999999999999,1.0,1e-05,10.0,0.05,0.3,0.25,265.06806879511055
0.7999999999999999,1.0,0.001,0.0001,0.05,0.3,0.25,262.2497082527931
0.7999999999999999,1.0,0.001,0.01,0.05,0.3,0.25,272.44138928784315
0.7999999999999999,1.0,0.001,0.1,0.05,0.3,0.25,282.0970826372513
0.7999999999999999,1.0,0.0001,0.1,0.05,0.3,0.25,267.1492985470065
0.7999999999999999,1.0,0.001,10.0,0.05,0.3,0.25,290.2792227310078
0.7999999999999999,1.0,0.0001,1.0,0.05,0.3,0.25,285.3068446268061
0.7999999999999999,1.0,0.001,0.001,0.05,0.3,0.25,266.8668863459082
0.7999999999999999,1.0,0.01,1e-06,0.05,0.3,0.25,268.4177030498387
0.7999999999999999,1.0,0.01,1e-05,0.05,0.3,0.25,271.6888800829635
0.7999999999999999,1.0,0.01,0.0001,0.05,0.3,0.25,276.0822069163739
0.7999999999999999,1.0,0.01,0.01,0.05,0.3,0.25,288.33087598704066
0.7999999999999999,1.0,0.1,1e-06,0.05,0.3,0.25,288.07074849628697
0.7999999999999999,1.0,0.1,1e-05,0.05,0.3,0.25,290.1831943160053
0.7999999999999999,1.0,0.01,0.1,0.05,0.3,0.25,301.35897863493074
0.7999999999999999,1.0,0.1,0.0001,0.05,0.3,0.25,293.85737044837697
0.7999999999999999,1.0,0.001,1.0,0.05,0.3,0.25,309.2197227527639
0.7999999999999999,1.0,0.01,0.001,0.05,0.3,0.25,281.38553828175793
0.7999999999999999,1.0,0.1,0.01,0.05,0.3,0.25,307.11378148893704
0.7999999999999999,1.0,0.01,10.0,0.05,0.3,0.25,315.923140669989
0.7999999999999999,1.0,0.01,1.0,0.05,0.3,0.25,336.67551656178625
0.7999999999999999,1.0,0.1,10.0,0.05,0.3,0.25,344.39377516507557
0.7999999999999999,1.0,1.0,1e-05,0.05,0.3,0.25,350.22443891372194
0.7999999999999999,1.0,1.0,1e-06,0.05,0.3,0.25,349.34543376608656
0.7999999999999999,1.0,1.0,0.0001,0.05,0.3,0.25,352.7885612303288
0.7999999999999999,1.0,0.1,0.001,0.05,0.3,0.25,298.8904492124413
0.7999999999999999,1.0,1.0,0.001,0.05,0.3,0.25,358.03417613102215
0.7999999999999999,1.0,1.0,0.01,0.05,0.3,0.25,370.09885326720365
0.7999999999999999,1.0,0.1,0.1,0.05,0.3,0.25,326.9510461655598
0.7999999999999999,1.0,1.0,0.1,0.05,0.3,0.25,399.4611992532318
0.7999999999999999,1.0,0.1,1.0,0.05,0.3,0.25,377.4086083970956
0.7999999999999999,1.0,10.0,0.001,0.05,0.3,0.25,578.3808276768174
0.7999999999999999,1.0,1.0,1.0,0.05,0.3,0.25,460.16837961309045
0.8999999999999999,1.0,1e-06,1e-05,0.05,0.3,0.25,245.4055140925602
0.7999999999999999,1.0,10.0,1e-06,0.05,0.3,0.25,570.9493651254735
0.8999999999999999,1.0,1e-06,0.0001,0.05,0.3,0.25,248.21774677631163
0.8999999999999999,1.0,1e-06,0.01,0.05,0.3,0.25,254.89233356432123
0.8999999999999999,1.0,1e-06,1e-06,0.05,0.3,0.25,243.10147785096322
0.8999999999999999,1.0,1e-06,0.001,0.05,0.3,0.25,251.39487730540924
0.7999999999999999,1.0,10.0,10.0,0.05,0.3,0.25,476.0314808004105
0.7999999999999999,1.0,10.0,1e-05,0.05,0.3,0.25,571.7778833473631
0.7999999999999999,1.0,10.0,0.1,0.05,0.3,0.25,614.7860330850577
0.7999999999999999,1.0,10.0,0.01,0.05,0.3,0.25,590.0834923434966
0.7999999999999999,1.0,10.0,1.0,0.05,0.3,0.25,670.3481585862363
0.8999999999999999,1.0,1e-05,1e-06,0.05,0.3,0.25,246.5884822857966
0.7999999999999999,1.0,1.0,10.0,0.05,0.3,0.25,396.98968795532545
0.8999999999999999,1.0,1e-06,10.0,0.05,0.3,0.25,270.65141590047443
0.8999999999999999,1.0,1e-06,1.0,0.05,0.3,0.25,271.13046503663503
0.8999999999999999,1.0,1e-06,0.1,0.05,0.3,0.25,260.2110920443151
0.8999999999999999,1.0,1e-05,0.0001,0.05,0.3,0.25,252.11449239843424
0.8999999999999999,1.0,1e-05,0.001,0.05,0.3,0.25,255.5507744698687
0.7999999999999999,1.0,10.0,0.0001,0.05,0.3,0.25,573.475069363734
0.8999999999999999,1.0,1e-05,1e-05,0.05,0.3,0.25,249.08084065078515
0.8999999999999999,1.0,1e-05,0.01,0.05,0.3,0.25,259.45358965729355
0.8999999999999999,1.0,0.0001,1e-06,0.05,0.3,0.25,253.02669990692922
0.8999999999999999,1.0,0.0001,1e-05,0.05,0.3,0.25,255.87349002715828
0.8999999999999999,1.0,0.0001,0.0001,0.05,0.3,0.25,259.3548413206455
0.8999999999999999,1.0,1e-05,1.0,0.05,0.3,0.25,279.05511926704986
0.8999999999999999,1.0,1e-05,0.1,0.05,0.3,0.25,265.5765872122835
0.8999999999999999,1.0,1e-05,10.0,0.05,0.3,0.25,273.9171979674329
0.8999999999999999,1.0,0.0001,0.001,0.05,0.3,0.25,263.3421646462962
0.8999999999999999,1.0,0.0001,0.1,0.05,0.3,0.25,275.99379763072426
0.8999999999999999,1.0,0.0001,1.0,0.05,0.3,0.25,295.7545079818935
0.8999999999999999,1.0,0.001,1e-06,0.05,0.3,0.25,262.6439917864445
0.8999999999999999,1.0,0.0001,0.01,0.05,0.3,0.25,268.12967386976237
0.8999999999999999,1.0,0.001,1e-05,0.05,0.3,0.25,265.92393412882785
0.8999999999999999,1.0,0.0001,10.0,0.05,0.3,0.25,282.65805166095737
0.8999999999999999,1.0,0.001,0.1,0.05,0.3,0.25,291.67712571528864
0.8999999999999999,1.0,0.01,1e-06,0.05,0.3,0.25,276.35650179852007
0.8999999999999999,1.0,0.001,10.0,0.05,0.3,0.25,301.0049278267533
0.8999999999999999,1.0,0.001,0.01,0.05,0.3,0.25,281.02601361180524
0.8999999999999999,1.0,0.01,0.0001,0.05,0.3,0.25,284.2892102381008
0.8999999999999999,1.0,0.001,0.0001,0.05,0.3,0.25,270.0737485211527
0.8999999999999999,1.0,0.001,0.001,0.05,0.3,0.25,274.901606240589
0.8999999999999999,1.0,0.01,0.01,0.05,0.3,0.25,297.46324874390956
0.8999999999999999,1.0,0.01,0.1,0.05,0.3,0.25,312.0691398786867
0.8999999999999999,1.0,0.01,0.001,0.05,0.3,0.25,289.8268567679026
0.8999999999999999,1.0,0.001,1.0,0.05,0.3,0.25,321.6228733030881
0.8999999999999999,1.0,0.01,1e-05,0.05,0.3,0.25,279.70710646011946
0.8999999999999999,1.0,0.1,1e-06,0.05,0.3,0.25,297.40405103011784
0.8999999999999999,1.0,0.1,1e-05,0.05,0.3,0.25,299.4937062561649
0.8999999999999999,1.0,0.01,1.0,0.05,0.3,0.25,350.5580221156917
0.8999999999999999,1.0,0.1,0.0001,0.05,0.3,0.25,303.27007594607625
0.8999999999999999,1.0,0.1,1.0,0.05,0.3,0.25,394.8170630789685
0.8999999999999999,1.0,0.1,0.001,0.05,0.3,0.25,308.5737883344477
0.8999999999999999,1.0,0.01,10.0,0.05,0.3,0.25,327.8395142239683
0.8999999999999999,1.0,1.0,1e-05,0.05,0.3,0.25,366.94367653130365
0.8999999999999999,1.0,1.0,0.001,0.05,0.3,0.25,375.1833375956771
0.8999999999999999,1.0,1.0,0.0001,0.05,0.3,0.25,369.5796652216262
0.8999999999999999,1.0,0.1,0.1,0.05,0.3,0.25,340.20955693459234
0.8999999999999999,1.0,1.0,0.01,0.05,0.3,0.25,388.4011653766231
0.8999999999999999,1.0,0.1,0.01,0.05,0.3,0.25,317.75961585942105
0.8999999999999999,1.0,1.0,1.0,0.05,0.3,0.25,479.3735555037535
0.8999999999999999,1.0,10.0,0.0001,0.05,0.3,0.25,603.6917587305753
0.8999999999999999,1.0,1.0,1e-06,0.05,0.3,0.25,366.0215459093603
0.9999999999999999,1.0,1e-06,1e-05,0.05,0.3,0.25,251.95975704798843
0.9999999999999999,1.0,1e-06,1e-06,0.05,0.3,0.25,249.54905097731998
0.8999999999999999,1.0,0.1,10.0,0.05,0.3,0.25,358.6182146863955
0.9999999999999999,1.0,1e-06,0.0001,0.05,0.3,0.25,254.90959256132652
0.8999999999999999,1.0,1.0,0.1,0.05,0.3,0.25,418.69098288462885
0.8999999999999999,1.0,10.0,1e-06,0.05,0.3,0.25,600.8476531434943
0.9999999999999999,1.0,1e-06,0.001,0.05,0.3,0.25,258.22031209749
0.8999999999999999,1.0,1.0,10.0,0.05,0.3,0.25,415.932260831748
0.8999999999999999,1.0,10.0,0.001,0.05,0.3,0.25,608.5036839786346
0.9999999999999999,1.0,1e-06,0.01,0.05,0.3,0.25,261.9935182692333
0.9999999999999999,1.0,1e-06,1.0,0.05,0.3,0.25,279.23627619861895
0.8999999999999999,1.0,10.0,1e-05,0.05,0.3,0.25,601.934864504363
0.8999999999999999,1.0,10.0,1.0,0.05,0.3,0.25,704.5572919587688
0.9999999999999999,1.0,1e-06,0.1,0.05,0.3,0.25,267.8416475450263
0.8999999999999999,1.0,10.0,0.1,0.05,0.3,0.25,647.6902517527237
0.9999999999999999,1.0,1e-06,10.0,0.05,0.3,0.25,278.8207163974381
0.9999999999999999,1.0,1e-05,0.001,0.05,0.3,0.25,262.45094116031675
0.9999999999999999,1.0,1e-05,1e-05,0.05,0.3,0.25,255.69557741124652
0.9999999999999999,1.0,1e-05,1e-06,0.05,0.3,0.25,253.09497199857202
0.9999999999999999,1.0,1e-05,0.01,0.05,0.3,0.25,266.68865696012693
0.9999999999999999,1.0,1e-05,0.1,0.05,0.3,0.25,273.358729127981
0.9999999999999999,1.0,1e-05,0.0001,0.05,0.3,0.25,258.8683096801101
0.9999999999999999,1.0,1e-05,10.0,0.05,0.3,0.25,282.2339766888054
0.9999999999999999,1.0,1e-05,1.0,0.05,0.3,0.25,287.60492818331085
0.9999999999999999,1.0,0.0001,1e-06,0.05,0.3,0.25,259.69325463421444
0.9999999999999999,1.0,0.0001,1e-05,0.05,0.3,0.25,262.65747656195623
0.9999999999999999,1.0,0.0001,0.01,0.05,0.3,0.25,275.6446798347856
0.9999999999999999,1.0,0.0001,0.1,0.05,0.3,0.25,284.28630852109615
0.9999999999999999,1.0,0.0001,0.0001,0.05,0.3,0.25,266.3089440988537
0.9999999999999999,1.0,0.0001,0.001,0.05,0.3,0.25,270.4811342114343
0.8999999999999999,1.0,10.0,0.01,0.05,0.3,0.25,620.74794725406
0.8999999999999999,1.0,10.0,10.0,0.05,0.3,0.25,493.5499895576362
0.9999999999999999,1.0,0.0001,1.0,0.05,0.3,0.25,306.01651204070834
0.9999999999999999,1.0,0.001,1e-05,0.05,0.3,0.25,272.98418064252024
0.9999999999999999,1.0,0.001,0.0001,0.05,0.3,0.25,277.31484455233976
0.9999999999999999,1.0,0.001,0.1,0.05,0.3,0.25,300.79293607829635
0.9999999999999999,1.0,0.001,0.01,0.05,0.3,0.25,289.0222248695827
0.9999999999999999,1.0,0.0001,10.0,0.05,0.3,0.25,291.48092095567125
0.9999999999999999,1.0,0.001,10.0,0.05,0.3,0.25,310.7464647482176
0.9999999999999999,1.0,0.001,1e-06,0.05,0.3,0.25,269.59024127702196
0.9999999999999999,1.0,0.01,1e-06,0.05,0.3,0.25,283.77769891374874
0.9999999999999999,1.0,0.01,1e-05,0.05,0.3,0.25,287.19808807995474
0.9999999999999999,1.0,0.001,0.001,0.05,0.3,0.25,282.3802198240302
0.9999999999999999,1.0,0.001,1.0,0.05,0.3,0.25,332.9482670043997
0.9999999999999999,1.0,0.01,1.0,0.05,0.3,0.25,363.65421740130154
0.9999999999999999,1.0,0.1,1e-06,0.05,0.3,0.25,306.2447110995471
0.9999999999999999,1.0,0.01,10.0,0.05,0.3,0.25,339.0254386081046
0.9999999999999999,1.0,0.01,0.1,0.05,0.3,0.25,322.2648412096196
0.9999999999999999,1.0,0.1,1e-05,0.05,0.3,0.25,308.33916859781795
0.9999999999999999,1.0,0.01,0.0001,0.05,0.3,0.25,291.929754270064
0.9999999999999999,1.0,0.1,0.0001,0.05,0.3,0.25,312.1975646184661
0.9999999999999999,1.0,0.01,0.001,0.05,0.3,0.25,297.7143810785461
0.9999999999999999,1.0,0.01,0.01,0.05,0.3,0.25,306.0692473382863
0.9999999999999999,1.0,0.1,0.001,0.05,0.3,0.25,317.76378601002426
0.9999999999999999,1.0,0.1,0.01,0.05,0.3,0.25,327.986532477855
0.9999999999999999,1.0,0.1,1.0,0.05,0.3,0.25,410.8665052586567
0.9999999999999999,1.0,1.0,0.001,0.05,0.3,0.25,391.29989463634024
0.9999999999999999,1.0,1.0,1e-05,0.05,0.3,0.25,382.54253720186966
0.9999999999999999,1.0,0.1,10.0,0.05,0.3,0.25,372.5352585967153
0.9999999999999999,1.0,1.0,0.0001,0.05,0.3,0.25,385.37635963257196
0.9999999999999999,1.0,0.1,0.1,0.05,0.3,0.25,352.84505519782203
0.9999999999999999,1.0,10.0,1e-06,0.05,0.3,0.25,629.15241863068
0.9999999999999999,1.0,1.0,0.01,0.05,0.3,0.25,405.12131150468133
0.9999999999999999,1.0,1.0,1e-06,0.05,0.3,0.25,381.5502000953883
0.9999999999999999,1.0,1.0,1.0,0.05,0.3,0.25,495.56293937477216
0.9999999999999999,1.0,10.0,0.01,0.05,0.3,0.25,650.2382858558182
1.0999999999999999,1.0,1e-06,1e-06,0.05,0.3,0.25,255.53497474778104
1.0999999999999999,1.0,1e-06,1e-05,0.05,0.3,0.25,258.0347397123283
1.0999999999999999,1.0,1e-06,0.001,0.05,0.3,0.25,264.54604067027867
1.0999999999999999,1.0,1e-06,0.01,0.05,0.3,0.25,268.61327899442057
0.9999999999999999,1.0,1.0,0.1,0.05,0.3,0.25,436.7444755253482
1.0999999999999999,1.0,1e-06,0.0001,0.05,0.3,0.25,261.1044330200057
0.9999999999999999,1.0,10.0,1.0,0.05,0.3,0.25,736.8526995873672
0.9999999999999999,1.0,10.0,0.1,0.05,0.3,0.25,677.4912150002621
1.0999999999999999,1.0,1e-06,1.0,0.05,0.3,0.25,286.92117590674115
1.0999999999999999,1.0,1e-05,1e-06,0.05,0.3,0.25,259.1375752033743
1.0999999999999999,1.0,1e-06,0.1,0.05,0.3,0.25,274.90596603140614
0.9999999999999999,1.0,10.0,0.001,0.05,0.3,0.25,637.529656058386
1.0999999999999999,1.0,1e-05,0.0001,0.05,0.3,0.25,265.1384883150127
1.0999999999999999,1.0,1e-06,10.0,0.05,0.3,0.25,286.54018807142245
1.0999999999999999,1.0,1e-05,1e-05,0.05,0.3,0.25,261.8344948245638
1.0999999999999999,1.0,1e-05,0.001,0.05,0.3,0.25,268.86570941251523
0.9999999999999999,1.0,10.0,10.0,0.05,0.3,0.25,508.8811726503274
1.0999999999999999,1.0,1e-05,0.01,0.05,0.3,0.25,273.40383853456757
0.9999999999999999,1.0,10.0,1e-05,0.05,0.3,0.25,630.5052240146608
0.9999999999999999,1.0,1.0,10.0,0.05,0.3,0.25,430.59112728319275
0.9999999999999999,1.0,10.0,0.0001,0.05,0.3,0.25,632.2951840121173
1.0999999999999999,1.0,0.0001,1e-06,0.05,0.3,0.25,265.9086018362341
1.0999999999999999,1.0,0.0001,0.001,0.05,0.3,0.25,277.1105224742168
1.0999999999999999,1.0,1e-05,0.1,0.05,0.3,0.25,280.5908941187586
1.0999999999999999,1.0,0.0001,1e-05,0.05,0.3,0.25,268.9812272512466
1.0999999999999999,1.0,1e-05,10.0,0.05,0.3,0.25,290.08774607934464
1.0999999999999999,1.0,0.0001,0.01,0.05,0.3,0.25,282.6981110720505
1.0999999999999999,1.0,0.0001,0.1,0.05,0.3,0.25,291.969269902762
1.0999999999999999,1.0,1e-05,1.0,0.05,0.3,0.25,295.84612189718064
1.0999999999999999,1.0,0.0001,10.0,0.05,0.3,0.25,299.741651951923
1.0999999999999999,1.0,0.0001,0.0001,0.05,0.3,0.25,272.7733896279507
1.0999999999999999,1.0,0.0001,1.0,0.05,0.3,0.25,315.26182562335566
1.0999999999999999,1.0,0.001,1e-06,0.05,0.3,0.25,276.0721916116789
1.0999999999999999,1.0,0.001,0.1,0.05,0.3,0.25,309.37951152392617
1.0999999999999999,1.0,0.001,0.001,0.05,0.3,0.25,289.36698458219644
1.0999999999999999,1.0,0.01,1e-05,0.05,0.3,0.25,294.23332538097594
1.0999999999999999,1.0,0.01,1e-06,0.05,0.3,0.25,290.74689924119014
1.0999999999999999,1.0,0.001,1.0,0.05,0.3,0.25,343.8855588464906
1.0999999999999999,1.0,0.01,0.01,0.05,0.3,0.25,314.2009902708728
1.0999999999999999,1.0,0.01,0.001,0.05,0.3,0.25,305.14319709203204
1.0999999999999999,1.0,0.01,0.0001,0.05,0.3,0.25,299.1313783659426
1.0999999999999999,1.0,0.001,1e-05,0.05,0.3,0.25,279.59069251847
1.0999999999999999,1.0,0.001,0.0001,0.05,0.3,0.25,284.0988154503935
1.0999999999999999,1.0,0.001,0.01,0.05,0.3,0.25,296.5678926935551
1.0999999999999999,1.0,0.01,0.1,0.05,0.3,0.25,331.90705855370805
1.0999999999999999,1.0,0.1,1e-06,0.05,0.3,0.25,314.65814816777305
1.0999999999999999,1.0,0.001,10.0,0.05,0.3,0.25,319.6357663764813
1.0999999999999999,1.0,0.01,1.0,0.05,0.3,0.25,375.603525982535
1.0999999999999999,1.0,0.1,1e-05,0.05,0.3,0.25,316.74008826903014
1.0999999999999999,1.0,0.01,10.0,0.05,0.3,0.25,349.12127667700105
1.0999999999999999,1.0,0.1,0.1,0.05,0.3,0.25,365.12579710094445
1.0999999999999999,1.0,0.1,0.0001,0.05,0.3,0.25,320.73182635832853
1.0999999999999999,1.0,0.1,0.001,0.05,0.3,0.25,326.55341365195244
1.0999999999999999,1.0,0.1,0.01,0.05,0.3,0.25,337.7990956210534
1.0999999999999999,1.0,1.0,1e-06,0.05,0.3,0.25,396.09259876450506
1.0999999999999999,1.0,0.1,10.0,0.05,0.3,0.25,385.403650247912
1.0999999999999999,1.0,1.0,0.1,0.05,0.3,0.25,453.0051333529764
1.0999999999999999,1.0,1.0,0.01,0.05,0.3,0.25,420.82084153981526
1.0999999999999999,1.0,10.0,1e-06,0.05,0.3,0.25,655.5837436321264
1.0999999999999999,1.0,10.0,1e-05,0.05,0.3,0.25,657.0883639202412
1.0999999999999999,1.0,10.0,0.0001,0.05,0.3,0.25,658.7923309860716
1.0999999999999999,1.0,0.1,1.0,0.05,0.3,0.25,425.0531753590894
1.2,1.0,1e-06,1e-05,0.05,0.3,0.25,263.70837691378284
1.0999999999999999,1.0,1.0,1e-05,0.05,0.3,0.25,397.12948071106933
1.0999999999999999,1.0,1.0,0.0001,0.05,0.3,0.25,399.9861786955874
1.2,1.0,1e-06,1e-06,0.05,0.3,0.25,261.1243762296064
1.2,1.0,1e-06,0.0001,0.05,0.3,0.25,266.89254022754096
1.0999999999999999,1.0,1.0,0.001,0.05,0.3,0.25,406.3202796502459
1.0999999999999999,1.0,10.0,0.01,0.05,0.3,0.25,676.9957966681443
1.2,1.0,1e-06,0.001,0.05,0.3,0.25,270.453670520159
1.2,1.0,1e-06,0.01,0.05,0.3,0.25,274.78114915433116
1.0999999999999999,1.0,10.0,0.1,0.05,0.3,0.25,705.822580734162
1.0999999999999999,1.0,10.0,1.0,0.05,0.3,0.25,766.92707026228
1.0999999999999999,1.0,1.0,1.0,0.05,0.3,0.25,510.98954175979594
1.0999999999999999,1.0,10.0,0.001,0.05,0.3,0.25,663.9685434678219
1.2,1.0,1e-06,1.0,0.05,0.3,0.25,294.28579907935136
1.2,1.0,1e-06,0.1,0.05,0.3,0.25,281.5151383005848
1.2,1.0,1e-05,1e-05,0.05,0.3,0.25,267.5797186427478
1.0999999999999999,1.0,10.0,10.0,0.05,0.3,0.25,524.1650944619844
1.2,1.0,1e-05,0.01,0.05,0.3,0.25,279.69960794902795
1.2,1.0,1e-05,0.1,0.05,0.3,0.25,287.3922651241646
1.2,1.0,1e-05,1e-06,0.05,0.3,0.25,264.7919184739384
1.2,1.0,1e-05,0.0001,0.05,0.3,0.25,270.9963188788299
1.2,1.0,1e-05,1.0,0.05,0.3,0.25,303.82578336998245
1.2,1.0,1e-05,0.001,0.05,0.3,0.25,274.84819733240977
1.2,1.0,0.0001,1e-06,0.05,0.3,0.25,271.7366910898432
1.2,1.0,1e-05,10.0,0.05,0.3,0.25,297.49905252421524
1.2,1.0,1e-06,10.0,0.05,0.3,0.25,293.8333663844835
1.2,1.0,0.0001,0.001,0.05,0.3,0.25,283.3424717713233
1.2,1.0,0.0001,0.0001,0.05,0.3,0.25,278.83307937827254
1.2,1.0,0.0001,0.1,0.05,0.3,0.25,299.308464943746
1.2,1.0,0.0001,1e-05,0.05,0.3,0.25,274.9016421905052
1.2,1.0,0.0001,10.0,0.05,0.3,0.25,307.3596718531109
1.2,1.0,0.0001,0.01,0.05,0.3,0.25,289.3056922995142
1.2,1.0,0.0001,1.0,0.05,0.3,0.25,323.8812418894011
1.0999999999999999,1.0,1.0,10.0,0.05,0.3,0.25,442.67487434396486
1.2,1.0,0.001,0.001,0.05,0.3,0.25,295.95963669425396
1.2,1.0,0.001,1e-06,0.05,0.3,0.25,282.1844685997086
1.2,1.0,0.001,0.1,0.05,0.3,0.25,317.57205969018503
1.2,1.0,0.001,0.0001,0.05,0.3,0.25,290.4704695748165
1.2,1.0,0.01,1e-06,0.05,0.3,0.25,297.3562023203346
1.2,1.0,0.01,0.0001,0.05,0.3,0.25,305.9358234400973
1.2,1.0,0.001,1e-05,0.05,0.3,0.25,285.8055714366241
1.2,1.0,0.01,1e-05,0.05,0.3,0.25,300.90881146152253
1.2,1.0,0.001,1.0,0.05,0.3,0.25,353.72389451364006
1.2,1.0,0.001,0.01,0.05,0.3,0.25,303.69958828832455
1.2,1.0,0.01,0.01,0.05,0.3,0.25,321.9705222682355
1.2,1.0,0.1,1e-06,0.05,0.3,0.25,322.756526271133
1.2,1.0,0.01,0.1,0.05,0.3,0.25,341.23106509874884
1.2,1.0,0.001,10.0,0.05,0.3,0.25,327.88352471605214
1.2,1.0,0.1,0.0001,0.05,0.3,0.25,328.9032144628525
1.2,1.0,0.01,0.001,0.05,0.3,0.25,312.17624259366255
1.2,1.0,0.01,1.0,0.05,0.3,0.25,387.4281326569456
1.2,1.0,0.1,0.001,0.05,0.3,0.25,334.9569898926933
1.2,1.0,0.1,0.1,0.05,0.3,0.25,376.65133774309027
1.2,1.0,0.1,0.01,0.05,0.3,0.25,347.2905423363447
1.2,1.0,0.1,1e-05,0.05,0.3,0.25,324.8464745430987
1.2,1.0,0.01,10.0,0.05,0.3,0.25,359.0048545944232
1.2,1.0,1.0,0.001,0.05,0.3,0.25,420.38635508985266
1.2,1.0,1.0,0.01,0.05,0.3,0.25,435.4899024716241
1.2,1.0,1.0,0.0001,0.05,0.3,0.25,413.9811296502317
1.2,1.0,1.0,1e-06,0.05,0.3,0.25,410.0734197270527
1.2,1.0,0.1,10.0,0.05,0.3,0.25,397.52165625334686
1.2,1.0,1.0,0.1,0.05,0.3,0.25,468.2339287623248
1.2,1.0,1.0,1e-05,0.05,0.3,0.25,411.13759421241525
1.2,1.0,0.1,1.0,0.05,0.3,0.25,438.56672986111926
1.3,1.0,1e-06,1e-06,0.05,0.3,0.25,266.3765172022803
1.2,1.0,1.0,1.0,0.05,0.3,0.25,524.1088611702964
1.3,1.0,1e-06,1e-05,0.05,0.3,0.25,269.03726861395427
1.3,1.0,1e-06,0.0001,0.05,0.3,0.25,272.3166484788067
1.2,1.0,10.0,1e-05,0.05,0.3,0.25,682.483708144201
1.2,1.0,10.0,0.0001,0.05,0.3,0.25,684.3733170418411
1.2,1.0,10.0,1e-06,0.05,0.3,0.25,680.8401947340838
1.3,1.0,1e-06,0.001,0.05,0.3,0.25,275.9896489732523
1.3,1.0,1e-05,1e-06,0.05,0.3,0.25,270.1154416090069
1.3,1.0,1e-05,1e-05,0.05,0.3,0.25,272.97800367688393
1.2,1.0,10.0,1.0,0.05,0.3,0.25,794.9568976541887
1.3,1.0,1e-06,1.0,0.05,0.3,0.25,301.4283365986029
1.3,1.0,1e-05,0.0001,0.05,0.3,0.25,276.4950266597213
1.3,1.0,1e-06,0.01,0.05,0.3,0.25,280.596905668489
1.3,1.0,1e-06,0.1,0.05,0.3,0.25,287.7444869860261
1.3,1.0,1e-05,0.001,0.05,0.3,0.25,280.48107523113737
1.3,1.0,1e-05,0.01,0.05,0.3,0.25,285.6398058098807
1.3,1.0,1e-05,0.1,0.05,0.3,0.25,293.77772565105533
1.2,1.0,10.0,0.01,0.05,0.3,0.25,702.5339488284835
1.2,1.0,1.0,10.0,0.05,0.3,0.25,453.8785035960059
1.2,1.0,10.0,10.0,0.05,0.3,0.25,538.4637296622784
1.3,1.0,1e-05,1.0,0.05,0.3,0.25,311.129370229807
1.3,1.0,1e-06,10.0,0.05,0.3,0.25,300.68007865419247
1.3,1.0,0.0001,1e-06,0.05,0.3,0.25,277.231522609026
1.3,1.0,1e-05,10.0,0.05,0.3,0.25,304.36729691535766
1.3,1.0,0.0001,0.0001,0.05,0.3,0.25,284.54711623357844
1.3,1.0,0.0001,0.1,0.05,0.3,0.25,306.25082528236464
1.3,1.0,0.001,1e-06,0.05,0.3,0.25,287.9642696958755
1.3,1.0,0.0001,1e-05,0.05,0.3,0.25,280.48986081707494
1.3,1.0,0.0001,10.0,0.05,0.3,0.25,314.31979227671303
1.2,1.0,10.0,0.001,0.05,0.3,0.25,689.4861991335731
1.2,1.0,10.0,0.1,0.05,0.3,0.25,732.5822034072573
1.3,1.0,0.0001,0.001,0.05,0.3,0.25,289.2046826810557
1.3,1.0,0.0001,0.01,0.05,0.3,0.25,295.5737744077257
1.3,1.0,0.001,0.0001,0.05,0.3,0.25,296.505957658919
1.3,1.0,0.0001,1.0,0.05,0.3,0.25,331.6688974184705
1.3,1.0,0.001,0.001,0.05,0.3,0.25,302.1994051172151
1.3,1.0,0.001,1e-05,0.05,0.3,0.25,291.67890165141904
1.3,1.0,0.001,0.1,0.05,0.3,0.25,325.4256839912852
1.3,1.0,0.001,1.0,0.05,0.3,0.25,363.0642302117352
1.3,1.0,0.001,0.01,0.05,0.3,0.25,310.48658304102537
1.3,1.0,0.01,1e-06,0.05,0.3,0.25,303.6459536981709
1.3,1.0,0.01,1e-05,0.05,0.3,0.25,307.24271611758155
1.3,1.0,0.001,10.0,0.05,0.3,0.25,335.4905870824879
1.3,1.0,0.01,0.001,0.05,0.3,0.25,318.87265866789187
1.3,1.0,0.1,1e-06,0.05,0.3,0.25,330.5095557241605
1.3,1.0,0.01,0.0001,0.05,0.3,0.25,312.4021868713495
1.3,1.0,0.1,0.0001,0.05,0.3,0.25,336.76130600641807
1.3,1.0,0.01,0.1,0.05,0.3,0.25,349.9663167209131
1.3,1.0,0.1,1e-05,0.05,0.3,0.25,332.58866128919544
1.3,1.0,0.01,0.01,0.05,0.3,0.25,329.3769863998827
1.3,1.0,0.1,0.01,0.05,0.3,0.25,356.4001460251669
1.3,1.0,0.1,0.1,0.05,0.3,0.25,387.8466811732759
1.3,1.0,0.1,0.001,0.05,0.3,0.25,343.10679288371847
1.3,1.0,0.01,10.0,0.05,0.3,0.25,368.16159530906424
1.3,1.0,0.01,1.0,0.05,0.3,0.25,398.04271632134663
1.3,1.0,1.0,1e-06,0.05,0.3,0.25,423.01174711983026
1.3,1.0,1.0,0.0001,0.05,0.3,0.25,427.1252561224481
1.3,1.0,1.0,0.001,0.05,0.3,0.25,433.75212839888366
1.3,1.0,1.0,0.1,0.05,0.3,0.25,482.7987938454952
1.3,1.0,1.0,0.01,0.05,0.3,0.25,449.155859731385
1.3,1.0,0.1,1.0,0.05,0.3,0.25,450.8849085627118
1.3,1.0,1.0,1e-05,0.05,0.3,0.25,424.14500313515344
1.3,1.0,0.1,10.0,0.05,0.3,0.25,408.43937855259435
1.4,1.0,1e-06,1e-06,0.05,0.3,0.25,271.3361521116173
1.4,1.0,1e-06,1e-05,0.05,0.3,0.25,274.06491644354975
1.4,1.0,1e-06,0.0001,0.05,0.3,0.25,277.4329569682014
1.3,1.0,10.0,0.0001,0.05,0.3,0.25,708.4875050339995
1.4,1.0,1e-06,0.001,0.05,0.3,0.25,281.2204440818455
1.4,1.0,1e-06,0.01,0.05,0.3,0.25,286.0873071595025
1.3,1.0,1.0,1.0,0.05,0.3,0.25,536.9222609953533
1.3,1.0,10.0,1.0,0.05,0.3,0.25,821.9572104801534
1.4,1.0,1e-06,0.1,0.05,0.3,0.25,293.6088329670473
1.4,1.0,1e-05,1e-06,0.05,0.3,0.25,275.14213069368407
1.4,1.0,1e-05,1e-05,0.05,0.3,0.25,278.07654094018255
1.4,1.0,1e-06,1.0,0.05,0.3,0.25,307.9912052742336
1.4,1.0,1e-06,10.0,0.05,0.3,0.25,306.9324809447061
1.4,1.0,1e-05,0.0001,0.05,0.3,0.25,281.6945809830721
1.4,1.0,1e-05,0.1,0.05,0.3,0.25,299.8826967356395
1.3,1.0,1.0,10.0,0.05,0.3,0.25,464.28649081254144
1.4,1.0,1e-05,0.001,0.05,0.3,0.25,285.8006235752512
1.4,1.0,1e-05,1.0,0.05,0.3,0.25,317.8272714859406
1.4,1.0,0.0001,1e-06,0.05,0.3,0.25,282.4428230824241
1.3,1.0,10.0,1e-06,0.05,0.3,0.25,704.7187054760966
1.4,1.0,1e-05,0.01,0.05,0.3,0.25,291.2395265929717
1.4,1.0,0.0001,1e-05,0.05,0.3,0.25,285.78110028389204
1.4,1.0,1e-05,10.0,0.05,0.3,0.25,310.68167503243836
1.4,1.0,0.0001,0.0001,0.05,0.3,0.25,289.94649846049805
1.3,1.0,10.0,10.0,0.05,0.3,0.25,552.9230236535525
1.3,1.0,10.0,0.001,0.05,0.3,0.25,713.8223756911245
1.3,1.0,10.0,1e-05,0.05,0.3,0.25,706.5195114041447
1.4,1.0,0.0001,0.01,0.05,0.3,0.25,301.5359299439476
1.4,1.0,0.0001,0.001,0.05,0.3,0.25,294.7683296740246
1.3,1.0,10.0,0.1,0.05,0.3,0.25,757.3576454648469
1.4,1.0,0.0001,0.1,0.05,0.3,0.25,312.85635035946945
1.4,1.0,0.001,1e-06,0.05,0.3,0.25,293.456500008728
1.4,1.0,0.0001,10.0,0.05,0.3,0.25,320.8402563325559
1.4,1.0,0.001,0.001,0.05,0.3,0.25,308.132291442224
1.4,1.0,0.001,1e-05,0.05,0.3,0.25,297.25902279891665
1.4,1.0,0.001,0.01,0.05,0.3,0.25,316.9737190930841
1.4,1.0,0.001,0.1,0.05,0.3,0.25,332.81023099058837
1.4,1.0,0.001,0.0001,0.05,0.3,0.25,302.2330913773551
1.4,1.0,0.01,1e-05,0.05,0.3,0.25,313.29841965503994
1.4,1.0,0.001,1.0,0.05,0.3,0.25,371.750163442148
1.4,1.0,0.0001,1.0,0.05,0.3,0.25,339.02206143866886
1.3,1.0,10.0,0.01,0.05,0.3,0.25,727.2803747120008
1.4,1.0,0.01,0.01,0.05,0.3,0.25,336.4837516329833
1.4,1.0,0.01,0.0001,0.05,0.3,0.25,318.5884249398778
1.4,1.0,0.01,1e-06,0.05,0.3,0.25,309.6496082892432
1.4,1.0,0.01,0.1,0.05,0.3,0.25,358.45240702990236
1.4,1.0,0.1,1e-05,0.05,0.3,0.25,340.09142279461975
1.4,1.0,0.1,1e-06,0.05,0.3,0.25,337.9562693866272
1.4,1.0,0.001,10.0,0.05,0.3,0.25,342.8719323849406
1.4,1.0,0.01,0.001,0.05,0.3,0.25,325.2716519504336
1.4,1.0,0.1,0.0001,0.05,0.3,0.25,344.3760406668223
1.4,1.0,0.1,0.01,0.05,0.3,0.25,365.17099985806584
1.4,1.0,0.01,1.0,0.05,0.3,0.25,408.61464008962855
1.4,1.0,0.1,0.001,0.05,0.3,0.25,350.90379148650715
1.4,1.0,0.1,0.1,0.05,0.3,0.25,398.62070106711496
1.4,1.0,0.1,1.0,0.05,0.3,0.25,462.5401480646927
1.4,1.0,0.01,10.0,0.05,0.3,0.25,376.96909176067027
1.4,1.0,1.0,0.01,0.05,0.3,0.25,462.10736216435737
1.4,1.0,1.0,1e-06,0.05,0.3,0.25,435.3641369918144
1.4,1.0,1.0,0.0001,0.05,0.3,0.25,439.44887733797503
1.4,1.0,1.0,0.001,0.05,0.3,0.25,446.20120558573916
1.4,1.0,0.1,10.0,0.05,0.3,0.25,418.6106223306805
1.4,1.0,1.0,1e-05,0.05,0.3,0.25,436.5172151137129
1.4,1.0,1.0,0.1,0.05,0.3,0.25,496.39288948157247
1.4,1.0,1.0,1.0,0.05,0.3,0.25,549.2331595119158
1.4,1.0,10.0,0.0001,0.05,0.3,0.25,731.4482257600406
1.4,1.0,10.0,1e-05,0.05,0.3,0.25,729.5188861712678
1.4,1.0,10.0,1e-06,0.05,0.3,0.25,727.7157085316464
1.4,1.0,10.0,1.0,0.05,0.3,0.25,846.3855019670094
1.4,1.0,1.0,10.0,0.05,0.3,0.25,473.4756275137009
1.4,1.0,10.0,0.1,0.05,0.3,0.25,781.0796536085696
1.4,1.0,10.0,0.01,0.05,0.3,0.25,750.0635369168791
1.4,1.0,10.0,0.001,0.05,0.3,0.25,736.750454235286
1.4,1.0,10.0,10.0,0.05,0.3,0.25,565.351602692719
