t_Myr,dt_kyr,T,P_CO2,rel_change,slowest,Y_Alkalinity,Y_C,Y_Si,Y_Al,Y_Fe,Y_Ca,Y_Mg,Y_Na,F_out_Alkalinity,F_out_C,F_out_Si,F_out_Al,F_out_Fe,F_out_Ca,F_out_Mg,F_out_Na,F_diss_Alkalinity,F_diss_C,F_diss_Si,F_diss_Al,F_diss_Fe,F_diss_Ca,F_diss_Mg,F_diss_Na,F_prec_Alkalinity,F_prec_C,F_prec_Si,F_prec_Al,F_prec_Fe,F_prec_Ca,F_prec_Mg,F_prec_Na,F_net_Alkalinity,F_net_C,F_net_Si,F_net_Al,F_net_Fe,F_net_Ca,F_net_Mg,F_net_Na
2.0200,20.00,290.7733,1.219822e+02,3.356507e+00,P_CO2,9.412828e-04,9.898001e-04,5.288610e-05,3.521547e-17,6.405692e-10,2.347899e-04,1.277831e-05,0.000000e+00,0.000000e+00,1.550633e-17,0.000000e+00,0.000000e+00,0.000000e+00,0.000000e+00,0.000000e+00,0.000000e+00,1.556710e-17,3.057446e-28,5.523519e-18,5.793344e-31,5.922271e-22,3.912349e-18,1.949984e-19,0.000000e+00,-6.017867e-22,-2.513996e-26,-5.505078e-18,-1.281768e-35,-6.017682e-22,-5.959989e-27,-3.246500e-28,-1.282500e-35,1.556650e-17,1.550633e-17,1.844165e-20,5.793216e-31,-9.541104e-24,3.912349e-18,1.949984e-19,-1.282500e-35
4.4200,24.00,291.1624,1.300674e+02,1.000000e+00,C,2.127557e-03,2.165800e-03,5.492649e-05,7.898544e-17,5.264620e-10,5.345612e-04,2.617638e-05,0.000000e+00,0.000000e+00,1.550633e-17,0.000000e+00,0.000000e+00,0.000000e+00,0.000000e+00,0.000000e+00,0.000000e+00,1.572295e-17,2.870033e-32,5.689868e-18,5.751375e-31,6.002328e-22,3.993998e-18,1.598266e-19,-4.176447e-42,-6.007855e-22,-1.693169e-25,-5.669751e-18,-8.354144e-35,-6.006298e-22,-8.749002e-26,-4.289298e-27,-8.359459e-35,1.572235e-17,1.550633e-17,2.011732e-20,5.750539e-31,-3.969546e-25,3.993998e-18,1.598266e-19,-8.359459e-35
7.3000,28.80,296.3301,2.374501e+02,8.255923e-01,P_CO2,3.295632e-03,3.351458e-03,7.518572e-05,1.324241e-16,6.866144e-10,7.454826e-04,2.297849e-05,0.000000e+00,0.000000e+00,1.550633e-17,0.000000e+00,0.000000e+00,0.000000e+00,0.000000e+00,0.000000e+00,0.000000e+00,2.248490e-17,1.207530e-25,8.410023e-18,6.523114e-31,6.968686e-22,5.908090e-18,2.043713e-19,5.031783e-39,-1.451529e-17,-7.257463e-18,-8.130168e-18,-4.959209e-32,-6.964799e-22,-7.002741e-18,-2.544676e-19,-4.958555e-32,7.969613e-18,8.248866e-18,2.798557e-19,6.027193e-31,3.887663e-25,-1.094651e-18,-5.009626e-20,-4.958554e-32
10.7560,34.56,297.5852,2.635310e+02,2.813137e-01,C,4.042212e-03,4.097043e-03,8.223236e-05,1.976138e-16,7.870520e-10,5.310526e-04,1.614089e-05,0.000000e+00,0.000000e+00,1.550633e-17,0.000000e+00,0.000000e+00,0.000000e+00,0.000000e+00,0.000000e+00,0.000000e+00,2.429557e-17,-5.740065e-31,9.210388e-18,6.532227e-31,6.894708e-22,6.514944e-18,2.275234e-19,-1.252934e-42,-1.739515e-17,-8.697469e-18,-9.228518e-18,-5.733536e-32,-6.897252e-22,-8.412412e-18,-2.846509e-19,-5.732407e-32,6.900423e-18,6.808860e-18,-1.813050e-20,5.958873e-31,-2.544182e-25,-1.897468e-18,-5.712755e-20,-5.732407e-32
14.9032,41.47,297.1809,2.551303e+02,3.373212e-01,C,5.030125e-03,5.071080e-03,8.238100e-05,2.757605e-16,8.978814e-10,3.483730e-04,1.062245e-05,0.000000e+00,0.000000e+00,1.550633e-17,0.000000e+00,0.000000e+00,0.000000e+00,0.000000e+00,0.000000e+00,0.000000e+00,2.330355e-17,2.547154e-28,8.935344e-18,6.411949e-31,6.695963e-22,6.350644e-18,2.417530e-19,3.800567e-41,-1.536783e-17,-7.683806e-18,-8.942656e-18,-4.296720e-32,-6.697995e-22,-7.409378e-18,-2.739930e-19,-4.566769e-32,7.935721e-18,7.822523e-18,-7.311240e-21,5.982277e-31,-2.031900e-25,-1.058734e-18,-3.224004e-20,-4.566769e-32
19.0504,41.47,297.0957,2.533596e+02,3.666946e-01,C,6.109087e-03,6.133997e-03,8.216181e-05,3.535654e-16,8.736401e-10,2.437748e-04,7.420562e-06,0.000000e+00,0.000000e+00,1.550633e-17,0.000000e+00,0.000000e+00,0.000000e+00,0.000000e+00,0.000000e+00,0.000000e+00,2.282357e-17,-2.870033e-31,8.871726e-18,6.293555e-31,6.531026e-22,6.322845e-18,2.492703e-19,-5.011737e-42,-1.437098e-17,-7.185396e-18,-8.869006e-18,-3.796690e-32,-6.532810e-22,-6.917377e-18,-2.675733e-19,-3.795351e-32,8.452591e-18,8.320933e-18,2.719716e-21,5.913886e-31,-1.783502e-25,-5.945323e-19,-1.830302e-20,-3.795351e-32
23.1976,41.47,297.2165,2.558695e+02,3.775891e-01,C,7.232337e-03,7.238682e-03,8.289688e-05,4.306899e-16,8.533580e-10,1.831624e-04,5.548149e-06,0.000000e+00,0.000000e+00,1.550633e-17,0.000000e+00,0.000000e+00,0.000000e+00,0.000000e+00,0.000000e+00,0.000000e+00,2.266409e-17,0.000000e+00,8.941287e-18,6.180895e-31,6.386635e-22,6.383007e-18,2.531481e-19,-5.847026e-42,-1.401205e-17,-7.005941e-18,-8.933296e-18,-3.264164e-32,-6.387550e-22,-6.741234e-18,-2.642491e-19,-3.262814e-32,8.652036e-18,8.500388e-18,7.991306e-21,5.854478e-31,-9.148928e-26,-3.582265e-19,-1.110100e-20,-3.262814e-32
27.3448,41.47,297.4365,2.604413e+02,3.791700e-01,C,8.370325e-03,8.355500e-03,8.409925e-05,5.069618e-16,8.350509e-10,1.454175e-04,4.374459e-06,0.000000e+00,0.000000e+00,1.550633e-17,0.000000e+00,0.000000e+00,0.000000e+00,0.000000e+00,0.000000e+00,0.000000e+00,2.265799e-17,-8.610098e-32,9.076004e-18,6.071928e-31,6.253493e-22,6.486219e-18,2.550786e-19,-3.758802e-42,-1.396042e-17,-6.980136e-18,-9.065859e-18,-2.869232e-32,-6.254615e-22,-6.717383e-18,-2.622831e-19,-2.867784e-32,8.697568e-18,8.526193e-18,1.014522e-20,5.785005e-31,-1.121933e-25,-2.311639e-19,-7.204530e-21,-2.867784e-32
31.4920,41.47,297.7039,2.659968e+02,3.761043e-01,C,9.508672e-03,9.470140e-03,8.553629e-05,5.822779e-16,8.178968e-10,1.203879e-04,3.591652e-06,0.000000e+00,0.000000e+00,1.550633e-17,0.000000e+00,0.000000e+00,0.000000e+00,0.000000e+00,0.000000e+00,0.000000e+00,2.272686e-17,-1.148013e-31,9.243667e-18,5.965538e-31,6.127064e-22,6.611106e-18,2.558614e-19,3.341158e-42,-1.406059e-17,-7.030232e-18,-9.232067e-18,-2.560922e-32,-6.128232e-22,-6.768942e-18,-2.608123e-19,-2.559435e-32,8.666261e-18,8.476097e-18,1.160086e-20,5.709446e-31,-1.168665e-25,-1.578361e-19,-4.950961e-21,-2.559435e-32
36.4686,49.77,298.0554,2.733012e+02,3.693121e-01,C,1.086858e-02,1.079803e-02,8.980052e-05,6.712886e-16,9.479712e-10,1.022777e-04,3.031219e-06,0.000000e+00,0.000000e+00,1.550633e-17,0.000000e+00,0.000000e+00,0.000000e+00,0.000000e+00,0.000000e+00,0.000000e+00,2.285953e-17,-8.610098e-32,9.467785e-18,5.838938e-31,5.973901e-22,6.776020e-18,2.555422e-19,0.000000e+00,-1.428415e-17,-7.142020e-18,-9.454989e-18,-2.276967e-32,-5.975438e-22,-6.882608e-18,-2.589269e-19,-2.275483e-32,8.575377e-18,8.364309e-18,1.279623e-20,5.611242e-31,-1.537933e-25,-1.065877e-19,-3.384700e-21,-2.275483e-32
42.4406,59.72,298.4945,2.824263e+02,3.590574e-01,C,1.247761e-02,1.236440e-02,9.525382e-05,7.760257e-16,1.098732e-09,8.851720e-05,2.601086e-06,0.000000e+00,0.000000e+00,1.550633e-17,0.000000e+00,0.000000e+00,0.000000e+00,0.000000e+00,0.000000e+00,0.000000e+00,2.305349e-17,2.583029e-31,9.754091e-18,5.691189e-31,5.797323e-22,6.985365e-18,2.543340e-19,8.352894e-43,-1.462591e-17,-7.312913e-18,-9.740084e-18,-2.015365e-32,-5.798491e-22,-7.055823e-18,-2.565957e-19,-2.013815e-32,8.427578e-18,8.193417e-18,1.400742e-20,5.489653e-31,-1.168136e-25,-7.045829e-20,-2.261675e-21,-2.013815e-32
49.6070,71.66,299.0289,2.935303e+02,3.453560e-01,C,1.436782e-02,1.419805e-02,1.021759e-04,8.986243e-16,1.269215e-09,7.870922e-05,2.285033e-06,0.000000e+00,0.000000e+00,1.550633e-17,0.000000e+00,0.000000e+00,0.000000e+00,0.000000e+00,0.000000e+00,0.000000e+00,2.330882e-17,3.444039e-31,1.011104e-17,5.517590e-31,5.591903e-22,7.245512e-18,2.520551e-19,4.176447e-43,-1.509068e-17,-7.545308e-18,-1.009636e-17,-1.783594e-32,-5.594407e-22,-7.291201e-18,-2.536044e-19,-1.782016e-32,8.218142e-18,7.961021e-18,1.467941e-20,5.339230e-31,-2.504609e-25,-4.568915e-20,-1.549301e-21,-1.782016e-32
58.2066,86.00,299.6682,3.068151e+02,3.281429e-01,C,1.657022e-02,1.632603e-02,1.109446e-04,1.041233e-15,1.458035e-09,7.253332e-05,2.067246e-06,0.000000e+00,0.000000e+00,1.550633e-17,0.000000e+00,0.000000e+00,0.000000e+00,0.000000e+00,0.000000e+00,0.000000e+00,2.363141e-17,4.592052e-31,1.055051e-17,5.317692e-31,5.357308e-22,7.565421e-18,2.486312e-19,6.682315e-42,-1.568815e-17,-7.844063e-18,-1.053480e-17,-1.588926e-32,-5.359378e-22,-7.593896e-18,-2.496515e-19,-1.587308e-32,7.943259e-18,7.662266e-18,1.570809e-20,5.158800e-31,-2.070306e-25,-2.847544e-20,-1.020274e-21,-1.587308e-32
68.5262,103.20,300.4228,3.224956e+02,3.072567e-01,C,1.911091e-02,1.876987e-02,1.220646e-04,1.205907e-15,1.662130e-09,6.979819e-05,1.932748e-06,0.000000e+00,0.000000e+00,1.550633e-17,0.000000e+00,0.000000e+00,0.000000e+00,0.000000e+00,0.000000e+00,0.000000e+00,2.402526e-17,2.583029e-31,1.108581e-17,5.088349e-31,5.090680e-22,7.955281e-18,2.438501e-19,4.594092e-42,-1.643426e-17,-8.217136e-18,-1.106919e-17,-1.436816e-32,-5.093305e-22,-7.972059e-18,-2.445452e-19,-1.435250e-32,7.591006e-18,7.289193e-18,1.662015e-20,4.944667e-31,-2.625403e-25,-1.677726e-20,-6.950485e-22,-1.435250e-32
80.9096,123.83,301.3041,3.408091e+02,2.824695e-01,C,2.200496e-02,2.153972e-02,1.362200e-04,1.394475e-15,1.878205e-09,7.049709e-05,1.868440e-06,0.000000e+00,0.000000e+00,1.550633e-17,0.000000e+00,0.000000e+00,0.000000e+00,0.000000e+00,0.000000e+00,0.000000e+00,2.450106e-17,9.184104e-31,1.173382e-17,4.830906e-31,4.794079e-22,8.428173e-18,2.376193e-19,-1.085876e-41,-1.735123e-17,-8.675655e-18,-1.171652e-17,-1.331695e-32,-4.796962e-22,-8.436979e-18,-2.381055e-19,-1.329842e-32,7.149829e-18,6.830674e-18,1.730726e-20,4.697737e-31,-2.882845e-25,-8.806197e-21,-4.862570e-22,-1.329842e-32
95.7698,148.60,302.3208,3.619349e+02,2.536680e-01,C,2.524681e-02,2.462543e-02,1.543035e-04,1.608372e-15,2.101369e-09,7.484379e-05,1.862534e-06,0.000000e+00,0.000000e+00,1.550633e-17,0.000000e+00,0.000000e+00,0.000000e+00,0.000000e+00,0.000000e+00,0.000000e+00,2.506670e-17,9.184104e-30,1.251083e-17,4.546572e-31,4.469848e-22,8.997286e-18,2.298079e-19,-4.594092e-42,-1.846225e-17,-9.231207e-18,-1.249226e-17,-1.274907e-32,-4.473238e-22,-9.000416e-18,-2.301672e-19,-1.272861e-32,6.604449e-18,6.275122e-18,1.857731e-20,4.419081e-31,-3.390464e-25,-3.129868e-21,-3.592214e-22,-1.272861e-32
113.6020,178.32,303.4752,3.859236e+02,2.209283e-01,C,2.879717e-02,2.798459e-02,1.774476e-04,1.848557e-15,2.327938e-09,8.331335e-05,1.905099e-06,0.000000e+00,0.000000e+00,1.550633e-17,0.000000e+00,0.000000e+00,0.000000e+00,0.000000e+00,0.000000e+00,0.000000e+00,2.573094e-17,2.045185e-28,1.343030e-17,4.241781e-31,4.126395e-22,9.674443e-18,2.204573e-19,2.505868e-41,-1.978884e-17,-9.894554e-18,-1.341008e-17,-1.267040e-32,-4.129077e-22,-9.673144e-18,-2.207052e-19,-1.264703e-32,5.942103e-18,5.611775e-18,2.022040e-20,4.115077e-31,-2.681843e-25,1.299000e-21,-2.478819e-22,-1.264703e-32
133.6020,200.00,304.6740,4.108341e+02,1.869757e-01,C,3.232908e-02,3.130733e-02,1.996964e-04,2.098935e-15,2.405435e-09,9.183687e-05,1.905600e-06,0.000000e+00,0.000000e+00,1.550633e-17,0.000000e+00,0.000000e+00,0.000000e+00,0.000000e+00,0.000000e+00,0.000000e+00,2.644332e-17,2.906482e-27,1.442638e-17,3.944861e-31,3.801130e-22,1.041295e-17,2.106942e-19,3.458098e-40,-2.124185e-17,-1.062113e-17,-1.440632e-17,-1.302622e-32,-3.804457e-22,-1.040940e-17,-2.109143e-19,-1.299894e-32,5.201471e-18,4.885199e-18,2.005661e-20,3.814598e-31,-3.327727e-25,3.544863e-21,-2.201495e-22,-1.299894e-32
153.6020,200.00,305.7599,4.333984e+02,1.563010e-01,C,3.538655e-02,3.417132e-02,2.120412e-04,2.331652e-15,2.240478e-09,9.439881e-05,1.791890e-06,0.000000e+00,0.000000e+00,1.550633e-17,0.000000e+00,0.000000e+00,0.000000e+00,0.000000e+00,0.000000e+00,0.000000e+00,2.711411e-17,1.923077e-26,1.536702e-17,3.695436e-31,3.539398e-22,1.111494e-17,2.023001e-19,2.234817e-39,-2.262795e-17,-1.131425e-17,-1.534887e-17,-1.363264e-32,-3.541792e-22,-1.111086e-17,-2.024600e-19,-1.360091e-32,4.486154e-18,4.192083e-18,1.815677e-20,3.559110e-31,-2.394443e-25,4.083393e-21,-1.599221e-22,-1.360091e-32
173.6020,200.00,306.7296,4.535479e+02,1.292443e-01,C,3.800464e-02,3.661275e-02,2.234404e-04,2.549495e-15,2.103539e-09,9.720892e-05,1.701814e-06,0.000000e+00,0.000000e+00,1.550633e-17,0.000000e+00,0.000000e+00,0.000000e+00,0.000000e+00,0.000000e+00,0.000000e+00,2.772741e-17,7.581375e-26,1.623169e-17,3.485792e-31,3.322082e-22,1.176552e-17,1.947924e-19,8.828592e-39,-2.391306e-17,-1.195687e-17,-1.621421e-17,-1.435833e-32,-3.323880e-22,-1.176091e-17,-1.949152e-19,-1.432178e-32,3.814352e-18,3.549461e-18,1.747944e-20,3.342209e-31,-1.797728e-25,4.611552e-21,-1.228129e-22,-1.432177e-32
193.6020,200.00,307.5800,4.712184e+02,1.057812e-01,C,4.021568e-02,3.866662e-02,2.337248e-04,2.754990e-15,1.991715e-09,9.999510e-05,1.629732e-06,0.000000e+00,0.000000e+00,1.550633e-17,0.000000e+00,0.000000e+00,0.000000e+00,0.000000e+00,0.000000e+00,0.000000e+00,2.827712e-17,2.094900e-25,1.700770e-17,3.312688e-31,3.144490e-22,1.235409e-17,1.882813e-19,2.472164e-38,-2.507839e-17,-1.253960e-17,-1.699279e-17,-1.511698e-32,-3.146452e-22,-1.235004e-17,-1.883983e-19,-1.507533e-32,3.198723e-18,2.966731e-18,1.491336e-20,3.161518e-31,-1.961671e-25,4.053298e-21,-1.169473e-22,-1.507531e-32
213.6020,200.00,308.3147,4.864859e+02,8.581028e-02,C,4.205895e-02,4.037329e-02,2.428212e-04,2.950386e-15,1.901289e-09,1.026067e-04,1.571823e-06,0.000000e+00,0.000000e+00,1.550633e-17,0.000000e+00,0.000000e+00,0.000000e+00,0.000000e+00,0.000000e+00,0.000000e+00,2.876215e-17,4.498419e-25,1.769023e-17,3.171356e-31,3.000801e-22,1.287573e-17,1.827498e-19,5.399060e-38,-2.610995e-17,-1.305544e-17,-1.767590e-17,-1.585132e-32,-3.001558e-22,-1.287135e-17,-1.828135e-19,-1.580448e-32,2.652197e-18,2.450893e-18,1.433866e-20,3.012843e-31,-7.571532e-26,4.380751e-21,-6.370028e-23,-1.580443e-32
233.6020,200.00,308.9379,4.994356e+02,6.905665e-02,C,4.357770e-02,4.177560e-02,2.506822e-04,3.137018e-15,1.828349e-09,1.049490e-04,1.525243e-06,0.000000e+00,0.000000e+00,1.550633e-17,0.000000e+00,0.000000e+00,0.000000e+00,0.000000e+00,0.000000e+00,0.000000e+00,2.917749e-17,8.037032e-25,1.827634e-17,3.056332e-31,2.884830e-22,1.332694e-17,1.781068e-19,9.811560e-38,-2.700505e-17,-1.350304e-17,-1.826492e-17,-1.652884e-32,-2.885847e-22,-1.332350e-17,-1.781733e-19,-1.647679e-32,2.172432e-18,2.003290e-18,1.142487e-20,2.891044e-31,-1.017045e-25,3.442997e-21,-6.652843e-23,-1.647669e-32
253.6020,200.00,309.4609,5.103037e+02,5.519313e-02,C,4.481612e-02,4.291647e-02,2.573786e-04,3.316607e-15,1.769818e-09,1.069971e-04,1.487837e-06,0.000000e+00,0.000000e+00,1.550633e-17,0.000000e+00,0.000000e+00,0.000000e+00,0.000000e+00,0.000000e+00,0.000000e+00,2.952990e-17,1.252518e-24,1.877265e-17,2.963324e-31,2.791758e-22,1.371152e-17,1.742565e-19,1.553438e-37,-2.776723e-17,-1.388418e-17,-1.876273e-17,-8.897105e-33,-2.792498e-22,-1.370841e-17,-1.743053e-19,-1.707459e-32,1.762671e-18,1.622154e-18,9.916291e-21,2.874353e-31,-7.401724e-26,3.114642e-21,-4.879825e-23,-1.707443e-32
273.6020,200.00,309.8923,5.192677e+02,4.386460e-02,C,4.581701e-02,4.383677e-02,2.629727e-04,3.490448e-15,1.723708e-09,1.087379e-04,1.458135e-06,0.000000e+00,0.000000e+00,1.550633e-17,0.000000e+00,0.000000e+00,0.000000e+00,0.000000e+00,0.000000e+00,0.000000e+00,2.982426e-17,1.761439e-24,1.918525e-17,2.889677e-31,2.718322e-22,1.403299e-17,1.711402e-19,2.214945e-37,-2.840508e-17,-1.420314e-17,-1.917729e-17,-1.765186e-32,-2.718725e-22,-1.403043e-17,-1.711716e-19,-1.758964e-32,1.419179e-18,1.303194e-18,7.955352e-21,2.713158e-31,-4.027909e-26,2.558976e-21,-3.138650e-23,-1.758942e-32
293.6020,200.00,310.2446,5.265891e+02,3.470557e-02,C,4.661985e-02,4.457383e-02,2.675853e-04,3.660219e-15,1.687170e-09,1.101903e-04,1.434504e-06,0.000000e+00,0.000000e+00,1.550633e-17,0.000000e+00,0.000000e+00,0.000000e+00,0.000000e+00,0.000000e+00,0.000000e+00,3.006579e-17,5.740065e-32,1.952371e-17,2.831072e-31,2.660133e-22,1.429800e-17,1.686196e-19,3.341158e-42,-2.893097e-17,-1.446612e-17,-1.951736e-17,-1.809195e-32,-2.660310e-22,-1.429588e-17,-1.686373e-19,-1.802482e-32,1.134815e-18,1.040211e-18,6.352000e-21,2.650152e-31,-1.767292e-26,2.113091e-21,-1.769326e-23,-1.802482e-32
313.6020,200.00,310.5294,5.325068e+02,2.736143e-02,C,4.725979e-02,4.516060e-02,2.713388e-04,3.826310e-15,1.658076e-09,1.113811e-04,1.415682e-06,0.000000e+00,0.000000e+00,1.550633e-17,0.000000e+00,0.000000e+00,0.000000e+00,0.000000e+00,0.000000e+00,0.000000e+00,3.026004e-17,0.000000e+00,1.979767e-17,2.784222e-31,2.613826e-22,1.451346e-17,1.665817e-19,-5.011737e-42,-2.935943e-17,-1.468038e-17,-1.979304e-17,-1.845771e-32,-2.614531e-22,-1.451210e-17,-1.666179e-19,-1.838725e-32,9.006042e-19,8.259515e-19,4.632152e-21,2.599644e-31,-7.047601e-26,1.355818e-21,-3.618172e-23,-1.838725e-32
333.6020,200.00,310.7588,5.372730e+02,2.151771e-02,C,4.776729e-02,4.562547e-02,2.743833e-04,3.990308e-15,1.635522e-09,1.123547e-04,1.400926e-06,0.000000e+00,0.000000e+00,1.550633e-17,0.000000e+00,0.000000e+00,0.000000e+00,0.000000e+00,0.000000e+00,0.000000e+00,3.041937e-17,1.722020e-31,2.001940e-17,2.747869e-31,2.577846e-22,1.468835e-17,1.649749e-19,-1.252934e-42,-2.970477e-17,-1.485306e-17,-2.001384e-17,-1.875641e-32,-2.577771e-22,-1.468639e-17,-1.649821e-19,-1.868047e-32,7.146046e-19,6.532647e-19,5.561557e-21,2.560305e-31,7.538797e-27,1.958678e-21,-7.192201e-24,-1.868047e-32
353.6020,200.00,310.9412,5.410632e+02,1.686194e-02,C,4.816801e-02,4.599225e-02,2.768115e-04,4.151673e-15,1.617528e-09,1.131335e-04,1.389208e-06,0.000000e+00,0.000000e+00,1.550633e-17,0.000000e+00,0.000000e+00,0.000000e+00,0.000000e+00,0.000000e+00,0.000000e+00,3.054420e-17,2.870033e-31,2.019540e-17,2.718806e-31,2.549184e-22,1.482765e-17,1.636841e-19,2.088224e-42,-2.998273e-17,-1.499207e-17,-2.019206e-17,-1.900072e-32,-2.549649e-22,-1.482663e-17,-1.637078e-19,-1.892153e-32,5.614647e-19,5.142620e-19,3.339659e-21,2.528799e-31,-4.646545e-26,1.027086e-21,-2.369614e-23,-1.892153e-32
373.6020,200.00,311.0859,5.440706e+02,1.319539e-02,C,4.848344e-02,4.628077e-02,2.787467e-04,4.310997e-15,1.603605e-09,1.137567e-04,1.380067e-06,0.000000e+00,0.000000e+00,1.550633e-17,0.000000e+00,0.000000e+00,0.000000e+00,0.000000e+00,0.000000e+00,0.000000e+00,3.064429e-17,5.740065e-32,2.033545e-17,2.696356e-31,2.526967e-22,1.493871e-17,1.626746e-19,1.252934e-42,-3.020344e-17,-1.510243e-17,-2.033296e-17,-1.919651e-32,-2.527257e-22,-1.493798e-17,-1.626927e-19,-1.911267e-32,4.408438e-19,4.038944e-19,2.482787e-21,2.504391e-31,-2.896326e-26,7.268709e-22,-1.813541e-23,-1.911267e-32
393.6020,200.00,311.2001,5.464430e+02,1.031582e-02,C,4.873105e-02,4.650714e-02,2.802797e-04,4.469347e-15,1.592748e-09,1.142520e-04,1.372933e-06,0.000000e+00,0.000000e+00,1.550633e-17,0.000000e+00,0.000000e+00,0.000000e+00,0.000000e+00,0.000000e+00,0.000000e+00,3.072383e-17,2.870033e-31,2.044625e-17,2.678991e-31,2.509697e-22,1.502671e-17,1.618847e-19,2.923513e-42,-3.037789e-17,-1.518967e-17,-2.044402e-17,-1.933791e-32,-2.509970e-22,-1.502599e-17,-1.618996e-19,-1.926705e-32,3.459367e-19,3.166546e-19,2.230577e-21,2.485612e-31,-2.728183e-26,7.232324e-22,-1.484749e-23,-1.926705e-32
413.6020,200.00,311.2900,5.483107e+02,8.053508e-03,C,4.892499e-02,4.668437e-02,2.814886e-04,4.626491e-15,1.584348e-09,1.146431e-04,1.367370e-06,0.000000e+00,0.000000e+00,1.550633e-17,0.000000e+00,0.000000e+00,0.000000e+00,0.000000e+00,0.000000e+00,0.000000e+00,3.078655e-17,1.148013e-31,2.053345e-17,2.665584e-31,2.496278e-22,1.509606e-17,1.612676e-19,-3.341158e-42,-3.051566e-17,-1.525856e-17,-2.053154e-17,-1.947801e-32,-2.496484e-22,-1.509548e-17,-1.612807e-19,-1.938780e-32,2.708956e-19,2.477653e-19,1.910840e-21,2.470804e-31,-2.065494e-26,5.813681e-22,-1.302732e-23,-1.938780e-32
433.6020,200.00,311.3603,5.497720e+02,6.270233e-03,C,4.907668e-02,4.682295e-02,2.824377e-04,4.782394e-15,1.577900e-09,1.149511e-04,1.363084e-06,0.000000e+00,0.000000e+00,1.550633e-17,0.000000e+00,0.000000e+00,0.000000e+00,0.000000e+00,0.000000e+00,0.000000e+00,3.083638e-17,1.148013e-31,2.060199e-17,2.655459e-31,2.486012e-22,1.515059e-17,1.607937e-19,4.594092e-42,-3.062468e-17,-1.531308e-17,-2.060141e-17,-1.957811e-32,-2.486112e-22,-1.515046e-17,-1.607992e-19,-1.948471e-32,2.116992e-19,1.932449e-19,5.803438e-22,2.459678e-31,-1.003422e-26,1.247542e-22,-5.520540e-24,-1.948471e-32
453.6020,200.00,311.4151,5.509112e+02,4.896651e-03,C,4.919515e-02,4.693114e-02,2.831773e-04,4.938273e-15,1.572770e-09,1.151908e-04,1.359696e-06,0.000000e+00,0.000000e+00,1.550633e-17,0.000000e+00,0.000000e+00,0.000000e+00,0.000000e+00,0.000000e+00,0.000000e+00,3.087428e-17,2.296026e-31,2.065520e-17,2.647406e-31,2.477828e-22,1.519301e-17,1.604159e-19,5.011737e-42,-3.070892e-17,-1.535521e-17,-2.065496e-17,-1.965630e-32,-2.477884e-22,-1.519296e-17,-1.604187e-19,-1.955954e-32,1.653613e-19,1.511182e-19,2.455751e-22,2.450843e-31,-5.542404e-27,4.664058e-23,-2.863503e-24,-1.955954e-32
473.6020,200.00,311.4587,5.518166e+02,3.819493e-03,C,4.928761e-02,4.701558e-02,2.837651e-04,5.093778e-15,1.568686e-09,1.153815e-04,1.357001e-06,0.000000e+00,0.000000e+00,1.550633e-17,0.000000e+00,0.000000e+00,0.000000e+00,0.000000e+00,0.000000e+00,0.000000e+00,3.090446e-17,4.018046e-31,2.069739e-17,2.641046e-31,2.471312e-22,1.522668e-17,1.601132e-19,5.429381e-42,-3.077515e-17,-1.538833e-17,-2.069641e-17,-1.971707e-32,-2.471452e-22,-1.522637e-17,-1.601197e-19,-1.961147e-32,1.293141e-19,1.180019e-19,9.889022e-22,2.443876e-31,-1.398712e-26,3.143450e-22,-6.479535e-24,-1.961147e-32
493.6020,200.00,311.4939,5.525481e+02,2.960504e-03,C,4.935970e-02,4.708141e-02,2.842416e-04,5.248546e-15,1.565603e-09,1.155378e-04,1.354923e-06,0.000000e+00,0.000000e+00,1.550633e-17,0.000000e+00,0.000000e+00,0.000000e+00,0.000000e+00,0.000000e+00,0.000000e+00,3.093059e-17,1.148013e-31,2.073183e-17,2.636381e-31,2.466392e-22,1.525412e-17,1.598814e-19,-3.341158e-42,-3.082806e-17,-1.541479e-17,-2.072934e-17,-4.937691e-33,-2.465959e-22,-1.525307e-17,-1.598656e-19,-1.966461e-32,1.025363e-19,9.154207e-20,2.487093e-21,2.587004e-31,4.335510e-26,1.050066e-21,1.580318e-23,-1.966461e-32
513.6020,200.00,311.5181,5.530520e+02,2.320633e-03,C,4.941582e-02,4.713265e-02,2.845648e-04,5.403301e-15,1.562887e-09,1.156398e-04,1.353228e-06,0.000000e+00,0.000000e+00,1.550633e-17,0.000000e+00,0.000000e+00,0.000000e+00,0.000000e+00,0.000000e+00,0.000000e+00,3.094356e-17,0.000000e+00,2.075449e-17,2.632163e-31,2.462064e-22,1.527236e-17,1.596859e-19,4.176447e-42,-3.086753e-17,-1.543453e-17,-2.075548e-17,-1.977615e-32,-2.462680e-22,-1.527296e-17,-1.597117e-19,-1.970061e-32,7.603189e-20,7.180238e-20,-9.944082e-22,2.434401e-31,-6.160212e-26,-6.012692e-22,-2.579206e-23,-1.970061e-32
533.6020,200.00,311.5396,5.534978e+02,1.809458e-03,C,4.945954e-02,4.717255e-02,2.848576e-04,5.557147e-15,1.561149e-09,1.157365e-04,1.352023e-06,0.000000e+00,0.000000e+00,1.550633e-17,0.000000e+00,0.000000e+00,0.000000e+00,0.000000e+00,0.000000e+00,0.000000e+00,3.096047e-17,-1.722020e-31,2.077579e-17,2.629762e-31,2.459287e-22,1.528930e-17,1.595538e-19,6.264671e-42,-3.089910e-17,-1.545031e-17,-2.077462e-17,-1.916038e-32,-2.459428e-22,-1.528890e-17,-1.595604e-19,-1.972827e-32,6.136795e-20,5.601474e-20,1.173769e-21,2.438158e-31,-1.406229e-26,4.057664e-22,-6.572374e-24,-1.972827e-32
553.6020,200.00,311.5554,5.538257e+02,1.394297e-03,C,4.949352e-02,4.720357e-02,2.850741e-04,5.711230e-15,1.559836e-09,1.158073e-04,1.351116e-06,0.000000e+00,0.000000e+00,1.550633e-17,0.000000e+00,0.000000e+00,0.000000e+00,0.000000e+00,0.000000e+00,0.000000e+00,3.097240e-17,1.722020e-31,2.079146e-17,2.628061e-31,2.457191e-22,1.530177e-17,1.594553e-19,-8.352894e-43,-3.092477e-17,-1.546315e-17,-2.079151e-17,-1.986441e-32,-2.457210e-22,-1.530183e-17,-1.594559e-19,-1.975137e-32,4.763225e-20,4.318064e-20,-5.439829e-23,2.429417e-31,-1.943164e-27,-6.361147e-23,-6.112332e-25,-1.975137e-32
573.6020,200.00,311.5681,5.540897e+02,1.082486e-03,C,4.951996e-02,4.722770e-02,2.852441e-04,5.865347e-15,1.558680e-09,1.158628e-04,1.350347e-06,0.000000e+00,0.000000e+00,1.550633e-17,0.000000e+00,0.000000e+00,0.000000e+00,0.000000e+00,0.000000e+00,0.000000e+00,3.098121e-17,5.740065e-32,2.080368e-17,2.626529e-31,2.455334e-22,1.531153e-17,1.593686e-19,0.000000e+00,-3.094406e-17,-1.547279e-17,-2.080371e-17,-1.984765e-32,-2.455343e-22,-1.531157e-17,-1.593695e-19,-1.971009e-32,3.714483e-20,3.353448e-20,-3.352409e-23,2.428053e-31,-8.969884e-28,-3.801496e-23,-9.411643e-25,-1.971009e-32
593.6020,200.00,311.5792,5.543210e+02,8.218143e-04,C,4.954052e-02,4.724648e-02,2.853909e-04,6.018929e-15,1.557421e-09,1.159105e-04,1.349575e-06,0.000000e+00,0.000000e+00,1.550633e-17,0.000000e+00,0.000000e+00,0.000000e+00,0.000000e+00,0.000000e+00,0.000000e+00,3.098796e-17,1.148013e-31,2.081396e-17,2.624714e-31,2.453341e-22,1.531986e-17,1.592746e-19,2.923513e-42,-3.096019e-17,-1.548086e-17,-2.081356e-17,-1.989559e-32,-2.453379e-22,-1.531972e-17,-1.592769e-19,-1.978258e-32,2.776309e-20,2.546572e-20,3.967341e-22,2.425758e-31,-3.814382e-27,1.376328e-22,-2.253019e-24,-1.978258e-32
