t_Myr,dt_kyr,T,P_CO2,rel_change,slowest,Da,A_reactive,supply_efficiency,Y_Alkalinity,Y_C,Y_Si,Y_Al,Y_Fe,Y_Ca,Y_Mg,Y_Na,F_out_Alkalinity,F_out_C,F_out_Si,F_out_Al,F_out_Fe,F_out_Ca,F_out_Mg,F_out_Na,F_diss_Alkalinity,F_diss_C,F_diss_Si,F_diss_Al,F_diss_Fe,F_diss_Ca,F_diss_Mg,F_diss_Na,F_prec_Alkalinity,F_prec_C,F_prec_Si,F_prec_Al,F_prec_Fe,F_prec_Ca,F_prec_Mg,F_prec_Na,F_net_Alkalinity,F_net_C,F_net_Si,F_net_Al,F_net_Fe,F_net_Ca,F_net_Mg,F_net_Na
2.0200,20.00,275.0000,1.636532e+00,9.999970e-01,Mg,2.810835e-03,1.035826e+00,0.2807%,8.805698e-04,8.182396e-04,4.443253e-05,3.029014e-18,4.762881e-11,2.165906e-04,2.585749e-06,0.000000e+00,0.000000e+00,1.550633e-17,0.000000e+00,0.000000e+00,0.000000e+00,0.000000e+00,0.000000e+00,0.000000e+00,2.262877e-17,7.522571e-27,9.122487e-18,7.424728e-32,6.482674e-23,6.790122e-18,4.973487e-20,5.199677e-40,-1.412141e-17,-7.060683e-18,-9.136367e-18,-1.451799e-32,-6.451994e-23,-7.060665e-18,-7.416668e-26,-1.451797e-32,8.507360e-18,8.445647e-18,-1.387973e-20,5.972929e-32,3.068025e-25,-2.705435e-19,4.973479e-20,-1.451797e-32
4.4200,24.00,275.0000,2.880500e+00,7.601247e-01,P_CO2,2.709778e-03,1.035826e+00,0.2706%,1.467928e-03,1.375915e-03,4.587991e-05,8.470335e-18,6.528527e-11,1.409704e-04,4.635865e-06,0.000000e+00,0.000000e+00,1.550633e-17,0.000000e+00,0.000000e+00,0.000000e+00,0.000000e+00,0.000000e+00,0.000000e+00,2.460354e-17,6.457573e-32,9.870281e-18,9.112738e-32,7.794478e-23,7.313059e-18,5.330699e-20,4.176447e-42,-1.691190e-17,-8.455930e-18,-9.855731e-18,-1.410068e-32,-7.792328e-23,-8.365619e-18,-9.027609e-20,-1.410056e-32,7.691634e-18,7.050400e-18,1.454985e-20,7.702670e-32,2.149709e-26,-1.052560e-18,-3.696909e-20,-1.410056e-32
7.3000,28.80,275.0000,3.180663e+00,3.263480e-01,C,2.709159e-03,1.035826e+00,0.2705%,2.217007e-03,2.048443e-03,4.854093e-05,1.569107e-17,7.468869e-11,8.087208e-05,2.498061e-06,0.000000e+00,0.000000e+00,1.550633e-17,0.000000e+00,0.000000e+00,0.000000e+00,0.000000e+00,0.000000e+00,0.000000e+00,2.431270e-17,3.508615e-29,9.978485e-18,8.889175e-32,7.716345e-23,7.425255e-18,6.197119e-20,6.264671e-42,-1.575135e-17,-7.875662e-18,-9.964858e-18,-6.742182e-33,-7.716195e-23,-7.800445e-18,-7.516112e-20,-1.427161e-32,8.561355e-18,7.630667e-18,1.362759e-20,8.214957e-32,1.500126e-27,-3.751904e-19,-1.318993e-20,-1.427161e-32
10.7560,34.56,275.0000,3.764758e+00,3.331325e-01,C,2.694863e-03,1.035826e+00,0.2691%,3.164272e-03,2.893461e-03,5.129584e-05,2.394551e-17,8.928938e-11,5.804231e-05,1.662760e-06,0.000000e+00,0.000000e+00,1.550633e-17,0.000000e+00,0.000000e+00,0.000000e+00,0.000000e+00,0.000000e+00,0.000000e+00,2.417517e-17,1.668113e-27,1.016645e-17,8.900795e-32,7.891803e-23,7.554415e-18,6.780082e-20,3.270158e-40,-1.551334e-17,-7.756668e-18,-1.015874e-17,-1.507715e-32,-7.889247e-23,-7.684216e-18,-7.236706e-20,-1.507596e-32,8.661834e-18,7.749661e-18,7.704664e-21,7.393079e-32,2.556198e-26,-1.298009e-19,-4.566243e-21,-1.507596e-32
14.2120,34.56,275.0000,4.538735e+00,3.292119e-01,C,2.673451e-03,1.035826e+00,0.2670%,4.104091e-03,3.736573e-03,5.194505e-05,3.273870e-17,9.331207e-11,4.820153e-05,1.316651e-06,0.000000e+00,0.000000e+00,1.550633e-17,0.000000e+00,0.000000e+00,0.000000e+00,0.000000e+00,0.000000e+00,0.000000e+00,2.418849e-17,-5.022557e-32,1.038062e-17,9.131237e-32,8.247086e-23,7.687287e-18,7.299570e-20,-4.176447e-42,-1.565055e-17,-7.825284e-18,-1.037611e-17,-1.559170e-32,-8.241798e-23,-7.749971e-18,-7.519884e-20,-1.559108e-32,8.537943e-18,7.681045e-18,4.514196e-21,7.572067e-32,5.288111e-26,-6.268408e-20,-2.203135e-21,-1.559108e-32
18.3592,41.47,275.0000,5.602861e+00,3.225947e-01,C,2.647515e-03,1.035826e+00,0.2644%,5.213206e-03,4.737405e-03,5.453367e-05,4.341829e-17,1.167215e-10,4.389990e-05,1.125758e-06,0.000000e+00,0.000000e+00,1.550633e-17,0.000000e+00,0.000000e+00,0.000000e+00,0.000000e+00,0.000000e+00,0.000000e+00,2.422776e-17,1.021301e-28,1.061682e-17,9.501650e-32,8.743174e-23,7.829468e-18,7.876156e-20,2.046459e-41,-1.588398e-17,-7.942016e-18,-1.061400e-17,-1.574720e-32,-8.737502e-23,-7.861971e-18,-7.989658e-20,-1.589494e-32,8.343775e-18,7.564313e-18,2.816181e-21,7.926930e-32,5.672049e-26,-3.250257e-20,-1.135021e-21,-1.589494e-32
23.3358,49.77,275.3516,7.140052e+00,3.141067e-01,C,2.615428e-03,1.035826e+00,0.2612%,6.511265e-03,5.917796e-03,5.760681e-05,5.676478e-17,1.504222e-10,4.214698e-05,1.016914e-06,0.000000e+00,0.000000e+00,1.550633e-17,0.000000e+00,0.000000e+00,0.000000e+00,0.000000e+00,0.000000e+00,0.000000e+00,2.433703e-17,3.228787e-31,1.088334e-17,1.013489e-31,9.480111e-23,7.988110e-18,8.598509e-20,-2.505868e-42,-1.618687e-17,-8.093473e-18,-1.088037e-17,-1.600449e-32,-9.469506e-23,-8.006674e-18,-8.661134e-20,-1.600359e-32,8.150163e-18,7.412856e-18,2.974176e-21,8.534440e-32,1.060502e-25,-1.856320e-20,-6.262546e-22,-1.600359e-32
29.3078,59.72,277.1896,9.491832e+00,3.293785e-01,P_CO2,2.575609e-03,1.035826e+00,0.2572%,8.040382e-03,7.301357e-03,6.156343e-05,7.404890e-17,2.012091e-10,4.174274e-05,9.488476e-07,0.000000e+00,0.000000e+00,1.550633e-17,0.000000e+00,0.000000e+00,0.000000e+00,0.000000e+00,0.000000e+00,0.000000e+00,2.455574e-17,5.166059e-31,1.118510e-17,1.129281e-31,1.061896e-22,8.168423e-18,9.576354e-20,8.352894e-43,-1.655465e-17,-8.277381e-18,-1.118216e-17,-1.631309e-32,-1.060793e-22,-8.180975e-18,-9.616913e-20,-1.631188e-32,8.001085e-18,7.228948e-18,2.944162e-21,9.661503e-32,1.103463e-25,-1.255185e-20,-4.055864e-22,-1.631188e-32
35.2798,59.72,277.8098,1.165497e+01,2.970846e-01,C,2.550208e-03,1.035826e+00,0.2547%,9.525424e-03,8.652903e-03,6.191423e-05,9.379449e-17,2.176539e-10,3.995148e-05,8.915935e-07,0.000000e+00,0.000000e+00,1.550633e-17,0.000000e+00,0.000000e+00,0.000000e+00,0.000000e+00,0.000000e+00,0.000000e+00,2.453686e-17,9.471108e-31,1.139428e-17,1.207543e-31,1.148816e-22,8.292949e-18,1.032544e-19,-8.352894e-43,-1.680622e-17,-8.403181e-18,-1.139302e-17,-5.267458e-33,-1.147817e-22,-8.299453e-18,-1.034464e-19,-1.638836e-32,7.730639e-18,7.103148e-18,1.259239e-21,1.154869e-31,9.997146e-26,-6.503672e-21,-1.920058e-22,-1.638836e-32
42.4461,71.66,278.2165,1.467348e+01,2.896072e-01,C,2.520811e-03,1.035826e+00,0.2518%,1.125174e-02,1.024899e-02,6.643032e-05,1.189218e-16,2.874926e-10,4.204466e-05,9.050710e-07,0.000000e+00,0.000000e+00,1.550633e-17,0.000000e+00,0.000000e+00,0.000000e+00,0.000000e+00,0.000000e+00,0.000000e+00,2.456304e-17,1.090612e-30,1.161518e-17,1.315845e-31,1.267219e-22,8.425738e-18,1.125461e-19,7.517605e-42,-1.708346e-17,-8.541813e-18,-1.161420e-17,-1.610011e-32,-1.265858e-22,-8.428883e-18,-1.126022e-19,-1.609820e-32,7.479582e-18,6.964516e-18,9.873683e-22,1.154844e-31,1.361198e-25,-3.144530e-21,-5.612011e-23,-1.609820e-32
51.0458,86.00,278.7899,1.892793e+01,2.899418e-01,P_CO2,2.488065e-03,1.035826e+00,0.2485%,1.325890e-02,1.212476e-02,7.196734e-05,1.528120e-16,3.888164e-10,4.529646e-05,9.546691e-07,0.000000e+00,0.000000e+00,1.550633e-17,0.000000e+00,0.000000e+00,0.000000e+00,0.000000e+00,0.000000e+00,0.000000e+00,2.463731e-17,7.462085e-31,1.184655e-17,1.468269e-31,1.429377e-22,8.567239e-18,1.242519e-19,1.252934e-42,-1.738616e-17,-8.693180e-18,-1.184547e-17,-1.562819e-32,-1.427520e-22,-8.568582e-18,-1.242209e-19,-1.562580e-32,7.251146e-18,6.813149e-18,1.082994e-21,1.311987e-31,1.856799e-25,-1.343186e-21,3.100783e-23,-1.562580e-32
59.6454,86.00,279.4490,2.381861e+01,2.743355e-01,C,2.459083e-03,1.035826e+00,0.2456%,1.520323e-02,1.395707e-02,7.220563e-05,1.913785e-16,4.378667e-10,4.501703e-05,9.659447e-07,0.000000e+00,0.000000e+00,1.550633e-17,0.000000e+00,0.000000e+00,0.000000e+00,0.000000e+00,0.000000e+00,0.000000e+00,2.472608e-17,4.018046e-31,1.204741e-17,1.638516e-31,1.609912e-22,8.692414e-18,1.364263e-19,3.341158e-42,-1.765979e-17,-8.830009e-18,-1.204672e-17,-1.515533e-32,-1.608183e-22,-8.693209e-18,-1.363785e-19,-1.515259e-32,7.066286e-18,6.676320e-18,6.953123e-22,1.486963e-31,1.728906e-25,-7.947294e-22,4.780152e-23,-1.515259e-32
69.9650,103.20,280.3537,3.053231e+01,2.818680e-01,P_CO2,2.428672e-03,1.035826e+00,0.2426%,1.748575e-02,1.611588e-02,7.907266e-05,2.437659e-16,6.011011e-10,4.965520e-05,1.070031e-06,0.000000e+00,0.000000e+00,1.550633e-17,0.000000e+00,0.000000e+00,0.000000e+00,0.000000e+00,0.000000e+00,0.000000e+00,2.482869e-17,3.157036e-31,1.224650e-17,1.863031e-31,1.842323e-22,8.820019e-18,1.510046e-19,7.099960e-42,-1.794280e-17,-8.971525e-18,-1.224556e-17,-1.463448e-32,-1.839924e-22,-8.820151e-18,-1.509050e-19,-1.463099e-32,6.885884e-18,6.534805e-18,9.355937e-22,1.716686e-31,2.399537e-25,-1.314765e-22,9.960213e-23,-1.463099e-32
80.2845,103.20,281.3881,3.820781e+01,2.603293e-01,C,2.402243e-03,1.035826e+00,0.2399%,1.970662e-02,1.822523e-02,7.937481e-05,3.038608e-16,6.851094e-10,4.964540e-05,1.106069e-06,0.000000e+00,0.000000e+00,1.550633e-17,0.000000e+00,0.000000e+00,0.000000e+00,0.000000e+00,0.000000e+00,0.000000e+00,2.494096e-17,2.870033e-31,1.241987e-17,2.111049e-31,2.099969e-22,8.933875e-18,1.661638e-19,-5.429381e-42,-1.820066e-17,-9.100461e-18,-1.241904e-17,-1.419585e-32,-2.097445e-22,-8.933892e-18,-1.660535e-19,-1.419155e-32,6.740301e-18,6.405869e-18,8.307107e-22,1.969090e-31,2.524279e-25,-1.723396e-23,1.102712e-22,-1.419155e-32
92.6680,123.83,282.8053,4.872405e+01,2.752379e-01,P_CO2,2.374875e-03,1.035826e+00,0.2372%,2.232656e-02,2.071156e-02,8.789322e-05,3.874653e-16,9.516933e-10,5.556645e-05,1.272529e-06,0.000000e+00,0.000000e+00,1.550633e-17,0.000000e+00,0.000000e+00,0.000000e+00,0.000000e+00,0.000000e+00,0.000000e+00,2.507041e-17,8.323095e-31,1.259165e-17,2.437148e-31,2.431152e-22,9.050896e-18,1.842680e-19,-1.670579e-42,-1.847043e-17,-9.235354e-18,-1.259057e-17,-1.377782e-32,-2.427592e-22,-9.050672e-18,-1.841134e-19,-1.377249e-32,6.599990e-18,6.270975e-18,1.077635e-21,2.299369e-31,3.560189e-25,2.234525e-22,1.545552e-22,-1.377249e-32
105.0515,123.83,284.4245,6.073915e+01,2.471653e-01,C,2.351375e-03,1.035826e+00,0.2349%,2.488652e-02,2.314042e-02,8.830406e-05,4.845116e-16,1.095938e-09,5.563524e-05,1.334337e-06,0.000000e+00,0.000000e+00,1.550633e-17,0.000000e+00,0.000000e+00,0.000000e+00,0.000000e+00,0.000000e+00,0.000000e+00,2.520923e-17,5.740065e-30,1.274310e-17,2.796886e-31,2.799752e-22,9.156811e-18,2.031662e-19,0.000000e+00,-1.872008e-17,-9.360189e-18,-1.274194e-17,-1.347935e-32,-2.795302e-22,-9.156584e-18,-2.029846e-19,-1.347282e-32,6.489146e-18,6.146140e-18,1.153794e-21,2.662093e-31,4.450021e-25,2.272911e-22,1.816726e-22,-1.347282e-32
119.9116,148.60,285.8687,7.145568e+01,2.165461e-01,C,2.505124e-03,1.035826e+00,0.2502%,2.789398e-02,2.590370e-02,1.043842e-04,6.137491e-16,1.343316e-09,6.492669e-05,1.484728e-06,0.000000e+00,0.000000e+00,1.550633e-17,0.000000e+00,0.000000e+00,0.000000e+00,0.000000e+00,0.000000e+00,0.000000e+00,2.612250e-17,8.523997e-29,1.356748e-17,2.872942e-31,2.859895e-22,9.779888e-18,2.090076e-19,6.682315e-42,-1.997170e-17,-9.986052e-18,-1.355461e-17,-1.443200e-32,-2.860911e-22,-9.776198e-18,-2.091092e-19,-1.442316e-32,6.150799e-18,5.520277e-18,1.287475e-20,2.728622e-31,-1.015618e-25,3.689525e-21,-1.016932e-22,-1.442316e-32
137.7438,178.32,286.7926,7.831158e+01,1.864239e-01,C,2.691521e-03,1.035826e+00,0.2688%,3.118535e-02,2.883887e-02,1.246571e-04,7.637836e-16,1.533215e-09,7.674969e-05,1.620496e-06,0.000000e+00,0.000000e+00,1.550633e-17,0.000000e+00,0.000000e+00,0.000000e+00,0.000000e+00,0.000000e+00,0.000000e+00,2.674047e-17,1.173700e-27,1.442532e-17,2.759030e-31,2.720160e-22,1.043081e-17,2.060172e-19,1.219523e-40,-2.126599e-17,-1.063328e-17,-1.441267e-17,-1.593954e-32,-2.721766e-22,-1.042624e-17,-2.061246e-19,-1.592719e-32,5.474473e-18,4.873048e-18,1.265123e-20,2.599634e-31,-1.606149e-25,4.568136e-21,-1.074662e-22,-1.592719e-32
157.7438,200.00,287.7028,8.506573e+01,1.569750e-01,C,2.888627e-03,1.035826e+00,0.2884%,3.442891e-02,3.171212e-02,1.428786e-04,9.237845e-16,1.631460e-09,8.731993e-05,1.703813e-06,0.000000e+00,0.000000e+00,1.550633e-17,0.000000e+00,0.000000e+00,0.000000e+00,0.000000e+00,0.000000e+00,0.000000e+00,2.735477e-17,9.863872e-27,1.530272e-17,2.643200e-31,2.580690e-22,1.110031e-17,2.024028e-19,1.018635e-39,-2.259650e-17,-1.129862e-17,-1.529022e-17,-1.754352e-32,-2.582037e-22,-1.109504e-17,-2.024870e-19,-1.752575e-32,4.758275e-18,4.207708e-18,1.250090e-20,2.467765e-31,-1.346482e-25,5.270135e-21,-8.417944e-23,-1.752575e-32
177.7438,200.00,288.4938,9.093490e+01,1.314536e-01,C,3.071306e-03,1.035826e+00,0.3067%,3.722238e-02,3.417508e-02,1.504302e-04,1.076138e-15,1.558589e-09,9.058401e-05,1.658042e-06,0.000000e+00,0.000000e+00,1.550633e-17,0.000000e+00,0.000000e+00,0.000000e+00,0.000000e+00,0.000000e+00,0.000000e+00,2.790317e-17,4.614763e-26,1.609503e-17,2.543301e-31,2.465355e-22,1.170751e-17,1.991881e-19,4.743609e-39,-2.380555e-17,-1.190324e-17,-1.608392e-17,-1.903854e-32,-2.466835e-22,-1.170267e-17,-1.992713e-19,-1.901809e-32,4.097620e-18,3.603088e-18,1.110323e-20,2.352915e-31,-1.479929e-25,4.837470e-21,-8.324879e-23,-1.901809e-32
197.7438,200.00,289.1783,9.601451e+01,1.096125e-01,C,3.238366e-03,1.035826e+00,0.3233%,3.961837e-02,3.627666e-02,1.571620e-04,1.221607e-15,1.496210e-09,9.359339e-05,1.619484e-06,0.000000e+00,0.000000e+00,1.550633e-17,0.000000e+00,0.000000e+00,0.000000e+00,0.000000e+00,0.000000e+00,0.000000e+00,2.838507e-17,1.455362e-25,1.679819e-17,2.457822e-31,2.366564e-22,1.224968e-17,1.960899e-19,1.508073e-38,-2.488442e-17,-1.244276e-17,-1.678815e-17,-2.040117e-32,-2.367574e-22,-1.224514e-17,-1.961495e-19,-2.037620e-32,3.500649e-18,3.063568e-18,1.003454e-20,2.253810e-31,-1.009765e-25,4.545185e-21,-5.964533e-23,-2.037619e-32
217.7438,200.00,289.7279,1.002597e+02,9.208962e-02,C,3.378850e-03,1.035826e+00,0.3373%,4.165757e-02,3.805840e-02,1.627185e-04,1.361460e-15,1.446121e-09,9.611028e-05,1.588825e-06,0.000000e+00,0.000000e+00,1.550633e-17,0.000000e+00,0.000000e+00,0.000000e+00,0.000000e+00,0.000000e+00,0.000000e+00,2.875000e-17,3.487365e-25,1.737582e-17,2.389400e-31,2.287270e-22,1.269694e-17,1.934807e-19,3.648252e-38,-2.578117e-17,-1.289121e-17,-1.737319e-17,-2.151738e-32,-2.287751e-22,-1.269607e-17,-1.935044e-19,-2.154388e-32,2.968836e-18,2.615119e-18,2.634843e-21,2.174226e-31,-4.811074e-26,8.695370e-22,-2.378240e-23,-2.154385e-32
237.7438,200.00,289.9556,1.049911e+02,8.393714e-02,C,3.436121e-03,1.035826e+00,0.3430%,4.342146e-02,3.964836e-02,1.652669e-04,1.499275e-15,1.444300e-09,9.730721e-05,1.589479e-06,0.000000e+00,0.000000e+00,1.550633e-17,0.000000e+00,0.000000e+00,0.000000e+00,0.000000e+00,0.000000e+00,0.000000e+00,2.884279e-17,7.050309e-25,1.765904e-17,2.390531e-31,2.284344e-22,1.291063e-17,1.946374e-19,7.331669e-38,-2.620824e-17,-1.310479e-17,-1.765462e-17,-2.199770e-32,-2.284356e-22,-1.290842e-17,-1.946354e-19,-2.196477e-32,2.634545e-18,2.401536e-18,4.414661e-21,2.170554e-31,-1.117574e-27,2.210511e-21,1.982865e-24,-2.196470e-32
257.7438,200.00,290.2087,1.102500e+02,7.478661e-02,C,3.499929e-03,1.035826e+00,0.3494%,4.499801e-02,4.108786e-02,1.680828e-04,1.636743e-15,1.449800e-09,9.874320e-05,1.594336e-06,0.000000e+00,0.000000e+00,1.550633e-17,0.000000e+00,0.000000e+00,0.000000e+00,0.000000e+00,0.000000e+00,0.000000e+00,2.905770e-17,1.267434e-24,1.797761e-17,2.402781e-31,2.293031e-22,1.315262e-17,1.961633e-19,1.311684e-37,-2.669534e-17,-1.334838e-17,-1.797328e-17,-2.219888e-32,-2.292957e-22,-1.315040e-17,-1.961565e-19,-2.232759e-32,2.362358e-18,2.157946e-18,4.330509e-21,2.180792e-31,7.339207e-27,2.221672e-21,6.829651e-24,-2.232745e-32
277.7438,200.00,290.4424,1.151062e+02,6.640780e-02,C,3.560081e-03,1.035826e+00,0.3554%,4.641084e-02,4.237829e-02,1.707017e-04,1.774974e-15,1.453703e-09,1.000901e-04,1.598182e-06,0.000000e+00,0.000000e+00,1.550633e-17,0.000000e+00,0.000000e+00,0.000000e+00,0.000000e+00,0.000000e+00,0.000000e+00,2.926449e-17,5.740065e-32,1.827350e-17,2.412223e-31,2.299163e-22,1.337789e-17,1.974178e-19,2.923513e-42,-2.714868e-17,-1.357510e-17,-1.826947e-17,-2.270569e-32,-2.298951e-22,-1.337577e-17,-1.974048e-19,-2.266545e-32,2.115804e-18,1.931233e-18,4.030588e-21,2.185166e-31,2.120060e-26,2.111862e-21,1.303155e-23,-2.266545e-32
297.7438,200.00,290.6536,1.194943e+02,5.888771e-02,C,3.615501e-03,1.035826e+00,0.3609%,4.767510e-02,4.353187e-02,1.730874e-04,1.913418e-15,1.455918e-09,1.013198e-04,1.600937e-06,0.000000e+00,0.000000e+00,1.550633e-17,0.000000e+00,0.000000e+00,0.000000e+00,0.000000e+00,0.000000e+00,0.000000e+00,2.945223e-17,-5.740065e-32,1.854236e-17,2.418874e-31,2.302619e-22,1.358292e-17,1.984167e-19,2.505868e-42,-2.756168e-17,-1.378163e-17,-1.853899e-17,-2.302447e-32,-2.302889e-22,-1.358121e-17,-1.984270e-19,-2.298049e-32,1.890550e-18,1.724701e-18,3.375858e-21,2.188629e-31,-2.701671e-26,1.715042e-21,-1.034806e-23,-2.298049e-32
317.7438,200.00,290.8435,1.234416e+02,5.217688e-02,C,3.666199e-03,1.035826e+00,0.3659%,4.880438e-02,4.456125e-02,1.752509e-04,2.052020e-15,1.457049e-09,1.024369e-04,1.602941e-06,0.000000e+00,0.000000e+00,1.550633e-17,0.000000e+00,0.000000e+00,0.000000e+00,0.000000e+00,0.000000e+00,0.000000e+00,2.962230e-17,5.740065e-32,1.878567e-17,2.423777e-31,2.304401e-22,1.376873e-17,1.992259e-19,1.670579e-42,-2.793521e-17,-1.396843e-17,-1.878255e-17,-2.331913e-32,-2.304593e-22,-1.376713e-17,-1.992314e-19,-2.327105e-32,1.687092e-18,1.537901e-18,3.120964e-21,2.190586e-31,-1.921377e-26,1.601536e-21,-5.506050e-24,-2.327105e-32
337.7438,200.00,291.0141,1.269853e+02,4.618633e-02,C,3.712400e-03,1.035826e+00,0.3706%,4.981140e-02,4.547837e-02,1.772071e-04,2.190686e-15,1.457438e-09,1.034488e-04,1.604378e-06,0.000000e+00,0.000000e+00,1.550633e-17,0.000000e+00,0.000000e+00,0.000000e+00,0.000000e+00,0.000000e+00,0.000000e+00,2.977611e-17,-2.296026e-31,1.900531e-17,2.427378e-31,2.305008e-22,1.393668e-17,1.998840e-19,-2.923513e-42,-2.827270e-17,-1.413720e-17,-1.900238e-17,-2.359047e-32,-2.305118e-22,-1.393518e-17,-1.998868e-19,-2.353882e-32,1.503413e-18,1.369126e-18,2.931592e-21,2.191473e-31,-1.098250e-26,1.500969e-21,-2.803709e-24,-2.353882e-32
357.7438,200.00,291.1667,1.301568e+02,4.084320e-02,C,3.754268e-03,1.035826e+00,0.3747%,5.070804e-02,4.629429e-02,1.789704e-04,2.329217e-15,1.457589e-09,1.043626e-04,1.605503e-06,0.000000e+00,0.000000e+00,1.550633e-17,0.000000e+00,0.000000e+00,0.000000e+00,0.000000e+00,0.000000e+00,0.000000e+00,2.991570e-17,5.740065e-32,1.920312e-17,2.430511e-31,2.305144e-22,1.408809e-17,2.004390e-19,-2.088224e-42,-2.857699e-17,-1.428938e-17,-1.920054e-17,-2.383915e-32,-2.305098e-22,-1.408674e-17,-2.004377e-19,-2.378372e-32,1.338704e-18,1.216952e-18,2.580169e-21,2.192120e-31,4.557140e-27,1.346537e-21,1.339218e-24,-2.378372e-32
377.7438,200.00,291.3030,1.329895e+02,3.611056e-02,C,3.792172e-03,1.035826e+00,0.3785%,5.150526e-02,4.701921e-02,1.805510e-04,2.467714e-15,1.456807e-09,1.051819e-04,1.606035e-06,0.000000e+00,0.000000e+00,1.550633e-17,0.000000e+00,0.000000e+00,0.000000e+00,0.000000e+00,0.000000e+00,0.000000e+00,3.003827e-17,3.444039e-31,1.937998e-17,2.431749e-31,2.303902e-22,1.422365e-17,2.008539e-19,4.176447e-43,-2.884914e-17,-1.442547e-17,-1.937756e-17,-2.406473e-32,-2.303833e-22,-1.422237e-17,-2.008494e-19,-2.400545e-32,1.189129e-18,1.080854e-18,2.426639e-21,2.191102e-31,6.841913e-27,1.274860e-21,4.496180e-24,-2.400545e-32
397.7438,200.00,291.4246,1.355156e+02,3.189889e-02,C,3.826297e-03,1.035826e+00,0.3819%,5.221330e-02,4.766260e-02,1.819693e-04,2.606163e-15,1.456087e-09,1.059181e-04,1.606460e-06,0.000000e+00,0.000000e+00,1.550633e-17,0.000000e+00,0.000000e+00,0.000000e+00,0.000000e+00,0.000000e+00,0.000000e+00,3.014924e-17,2.870033e-31,1.953860e-17,2.433029e-31,2.302708e-22,1.434532e-17,2.012110e-19,4.176447e-43,-2.909343e-17,-1.454764e-17,-1.953635e-17,-2.426982e-32,-2.302554e-22,-1.434413e-17,-2.012043e-19,-2.420668e-32,1.055814e-18,9.586882e-19,2.248558e-21,2.190331e-31,1.539660e-26,1.180801e-21,6.673999e-24,-2.420668e-32
417.7438,200.00,291.5328,1.377643e+02,2.815972e-02,C,3.856992e-03,1.035826e+00,0.3850%,5.284137e-02,4.823300e-02,1.832353e-04,2.744590e-15,1.454892e-09,1.065756e-04,1.606563e-06,0.000000e+00,0.000000e+00,1.550633e-17,0.000000e+00,0.000000e+00,0.000000e+00,0.000000e+00,0.000000e+00,0.000000e+00,3.024685e-17,2.870033e-31,1.967994e-17,2.433302e-31,2.300861e-22,1.445385e-17,2.014817e-19,-8.352894e-43,-2.931198e-17,-1.465694e-17,-1.967834e-17,-2.445538e-32,-2.301286e-22,-1.445309e-17,-2.015018e-19,-2.438839e-32,9.348673e-19,8.493893e-19,1.602274e-21,2.188749e-31,-4.257300e-26,7.574914e-22,-2.002648e-23,-2.438839e-32
437.7438,200.00,291.6291,1.397648e+02,2.485871e-02,C,3.884488e-03,1.035826e+00,0.3877%,5.339797e-02,4.873824e-02,1.843682e-04,2.882897e-15,1.453991e-09,1.071648e-04,1.606704e-06,0.000000e+00,0.000000e+00,1.550633e-17,0.000000e+00,0.000000e+00,0.000000e+00,0.000000e+00,0.000000e+00,0.000000e+00,3.033553e-17,6.888078e-31,1.980642e-17,2.433972e-31,2.299417e-22,1.455102e-17,2.017272e-19,4.176447e-43,-2.950625e-17,-1.475409e-17,-1.980449e-17,-2.462197e-32,-2.299222e-22,-1.454999e-17,-2.017157e-19,-2.455112e-32,8.292754e-19,7.522351e-19,1.937482e-21,2.187752e-31,1.950008e-26,1.028146e-21,1.145912e-23,-2.455112e-32
457.7438,200.00,291.7145,1.415405e+02,2.192730e-02,C,3.909081e-03,1.035826e+00,0.3901%,5.389076e-02,4.918536e-02,1.853765e-04,3.021125e-15,1.452993e-09,1.076897e-04,1.606715e-06,0.000000e+00,0.000000e+00,1.550633e-17,0.000000e+00,0.000000e+00,0.000000e+00,0.000000e+00,0.000000e+00,0.000000e+00,3.041407e-17,6.888078e-31,1.991892e-17,2.434268e-31,2.297820e-22,1.463751e-17,2.019248e-19,-2.505868e-42,-2.967983e-17,-1.484090e-17,-1.991719e-17,-2.477224e-32,-2.297525e-22,-1.463656e-17,-2.019102e-19,-2.469755e-32,7.342448e-19,6.654328e-19,1.723264e-21,2.186545e-31,2.951966e-26,9.433625e-22,1.458119e-23,-2.469755e-32
477.7438,200.00,291.7904,1.431172e+02,1.933646e-02,C,3.931070e-03,1.035826e+00,0.3923%,5.432670e-02,4.958075e-02,1.862739e-04,3.159255e-15,1.451896e-09,1.081569e-04,1.606615e-06,0.000000e+00,0.000000e+00,1.550633e-17,0.000000e+00,0.000000e+00,0.000000e+00,0.000000e+00,0.000000e+00,0.000000e+00,3.048351e-17,9.184104e-31,2.001890e-17,2.434223e-31,2.296099e-22,1.471444e-17,2.020808e-19,1.252934e-42,-2.983411e-17,-1.491803e-17,-2.001732e-17,-2.490520e-32,-2.295820e-22,-1.471356e-17,-2.020644e-19,-2.481934e-32,6.493948e-19,5.882993e-19,1.583942e-21,2.185171e-31,2.787026e-26,8.788705e-22,1.640000e-23,-2.481934e-32
497.7438,200.00,291.8576,1.445129e+02,1.704650e-02,C,3.950650e-03,1.035826e+00,0.3943%,5.471210e-02,4.993017e-02,1.870703e-04,3.297304e-15,1.450869e-09,1.085717e-04,1.606465e-06,0.000000e+00,0.000000e+00,1.550633e-17,0.000000e+00,0.000000e+00,0.000000e+00,0.000000e+00,0.000000e+00,0.000000e+00,3.054489e-17,1.205414e-30,2.010758e-17,2.434067e-31,2.294412e-22,1.478270e-17,2.022082e-19,-6.264671e-42,-2.997104e-17,-1.498653e-17,-2.010604e-17,-2.502741e-32,-2.294095e-22,-1.478186e-17,-2.021913e-19,-2.494505e-32,5.738443e-19,5.197966e-19,1.533478e-21,2.183793e-31,3.167868e-26,8.445118e-22,1.691202e-23,-2.494505e-32
517.7438,200.00,291.9170,1.457482e+02,1.500940e-02,C,3.968055e-03,1.035826e+00,0.3960%,5.505259e-02,5.023876e-02,1.877773e-04,3.435275e-15,1.449907e-09,1.089400e-04,1.606315e-06,0.000000e+00,0.000000e+00,1.550633e-17,0.000000e+00,0.000000e+00,0.000000e+00,0.000000e+00,0.000000e+00,0.000000e+00,3.059951e-17,1.090612e-30,2.018624e-17,2.433984e-31,2.292887e-22,1.484329e-17,2.023170e-19,1.252934e-42,-3.009342e-17,-1.504773e-17,-2.018539e-17,-2.513600e-32,-2.293053e-22,-1.484289e-17,-2.023282e-19,-2.504984e-32,5.060902e-19,4.585981e-19,8.566326e-22,2.182624e-31,-1.660812e-26,3.971014e-22,-1.117879e-23,-2.504984e-32
537.7438,200.00,291.9696,1.468414e+02,1.322852e-02,C,3.983551e-03,1.035826e+00,0.3976%,5.535322e-02,5.051118e-02,1.884026e-04,3.573176e-15,1.448846e-09,1.092660e-04,1.606080e-06,0.000000e+00,0.000000e+00,1.550633e-17,0.000000e+00,0.000000e+00,0.000000e+00,0.000000e+00,0.000000e+00,0.000000e+00,3.064710e-17,1.377616e-30,2.025578e-17,2.433518e-31,2.291237e-22,1.489688e-17,2.023963e-19,4.176447e-43,-3.020080e-17,-1.510143e-17,-2.025499e-17,-2.523212e-32,-2.291417e-22,-1.489649e-17,-2.024051e-19,-2.514216e-32,4.463029e-19,4.048955e-19,7.865314e-22,2.181197e-31,-1.804366e-26,3.861119e-22,-8.778838e-24,-2.514216e-32
557.7438,200.00,292.0161,1.478076e+02,1.164454e-02,C,3.997260e-03,1.035826e+00,0.3989%,5.561855e-02,5.075153e-02,1.889592e-04,3.711012e-15,1.448211e-09,1.095566e-04,1.606012e-06,0.000000e+00,0.000000e+00,1.550633e-17,0.000000e+00,0.000000e+00,0.000000e+00,0.000000e+00,0.000000e+00,0.000000e+00,3.069101e-17,1.377616e-30,2.031776e-17,2.433837e-31,2.290216e-22,1.494464e-17,2.024879e-19,2.088224e-42,-3.029663e-17,-1.514936e-17,-2.031710e-17,-2.531855e-32,-2.290420e-22,-1.494431e-17,-2.024959e-19,-2.522480e-32,3.943761e-19,3.569713e-19,6.593878e-22,2.180651e-31,-2.041337e-26,3.281166e-22,-8.007694e-24,-2.522480e-32
577.7438,200.00,292.0572,1.486613e+02,1.025389e-02,C,4.009436e-03,1.035826e+00,0.4001%,5.585260e-02,5.096350e-02,1.894506e-04,3.848790e-15,1.447454e-09,1.098129e-04,1.605842e-06,0.000000e+00,0.000000e+00,1.550633e-17,0.000000e+00,0.000000e+00,0.000000e+00,0.000000e+00,0.000000e+00,0.000000e+00,3.072883e-17,1.549818e-30,2.037235e-17,2.433713e-31,2.288997e-22,1.498673e-17,2.025510e-19,-1.670579e-42,-3.038101e-17,-1.519156e-17,-2.037172e-17,-2.539527e-32,-2.289192e-22,-1.498642e-17,-2.025587e-19,-2.529775e-32,3.478229e-19,3.147729e-19,6.276434e-22,2.179760e-31,-1.948939e-26,3.067258e-22,-7.697706e-24,-2.529775e-32
597.7438,200.00,292.0935,1.494148e+02,9.026880e-03,C,4.020210e-03,1.035826e+00,0.4012%,5.605898e-02,5.115038e-02,1.898847e-04,3.986517e-15,1.446798e-09,1.100396e-04,1.605701e-06,0.000000e+00,0.000000e+00,1.550633e-17,0.000000e+00,0.000000e+00,0.000000e+00,0.000000e+00,0.000000e+00,0.000000e+00,3.076245e-17,1.722020e-30,2.042063e-17,2.433685e-31,2.287946e-22,1.502396e-17,2.026076e-19,-5.847026e-42,-3.045566e-17,-1.522889e-17,-2.042009e-17,-2.546379e-32,-2.288057e-22,-1.502368e-17,-2.026138e-19,-2.536252e-32,3.067977e-19,2.774431e-19,5.402602e-22,2.179047e-31,-1.108743e-26,2.802717e-22,-6.182117e-24,-2.536252e-32
617.7438,200.00,292.1254,1.500790e+02,7.949689e-03,C,4.029748e-03,1.035826e+00,0.4022%,5.624091e-02,5.131509e-02,1.902670e-04,4.124199e-15,1.446064e-09,1.102390e-04,1.605505e-06,0.000000e+00,0.000000e+00,1.550633e-17,0.000000e+00,0.000000e+00,0.000000e+00,0.000000e+00,0.000000e+00,0.000000e+00,3.079140e-17,2.066423e-30,2.046306e-17,2.433412e-31,2.286810e-22,1.505671e-17,2.026461e-19,-6.682315e-42,-3.052134e-17,-1.526173e-17,-2.046259e-17,-2.552462e-32,-2.286969e-22,-1.505648e-17,-2.026514e-19,-2.541960e-32,2.700667e-19,2.445965e-19,4.797262e-22,2.178165e-31,-1.594157e-26,2.362693e-22,-5.309225e-24,-2.541960e-32
637.7438,200.00,292.1537,1.506660e+02,6.995757e-03,C,4.038184e-03,1.035826e+00,0.4030%,5.640123e-02,5.146021e-02,1.906061e-04,4.261842e-15,1.445570e-09,1.104162e-04,1.605377e-06,0.000000e+00,0.000000e+00,1.550633e-17,0.000000e+00,0.000000e+00,0.000000e+00,0.000000e+00,0.000000e+00,0.000000e+00,3.081766e-17,1.951622e-30,2.050075e-17,2.433434e-31,2.285952e-22,1.508579e-17,2.026869e-19,-1.252934e-42,-3.057962e-17,-1.529088e-17,-2.050034e-17,-2.557912e-32,-2.285958e-22,-1.508557e-17,-2.026908e-19,-2.547037e-32,2.380428e-19,2.154498e-19,4.035330e-22,2.177642e-31,-5.988772e-28,2.182035e-22,-3.820451e-24,-2.547037e-32
657.7438,200.00,292.1786,1.511835e+02,6.154588e-03,C,4.045638e-03,1.035826e+00,0.4037%,5.654246e-02,5.158804e-02,1.909060e-04,4.399451e-15,1.445075e-09,1.105727e-04,1.605262e-06,0.000000e+00,0.000000e+00,1.550633e-17,0.000000e+00,0.000000e+00,0.000000e+00,0.000000e+00,0.000000e+00,0.000000e+00,3.084089e-17,2.009023e-30,2.053402e-17,2.433506e-31,2.285195e-22,1.511147e-17,2.027224e-19,4.176447e-42,-3.063110e-17,-1.531663e-17,-2.053359e-17,-2.562763e-32,-2.285296e-22,-1.511127e-17,-2.027273e-19,-2.551516e-32,2.097912e-19,1.897026e-19,4.309235e-22,2.177229e-31,-1.009660e-26,2.017892e-22,-4.916716e-24,-2.551516e-32
677.7438,200.00,292.2005,1.516389e+02,5.416175e-03,C,4.052211e-03,1.035826e+00,0.4044%,5.666685e-02,5.170061e-02,1.911691e-04,4.537033e-15,1.444602e-09,1.107101e-04,1.605136e-06,0.000000e+00,0.000000e+00,1.550633e-17,0.000000e+00,0.000000e+00,0.000000e+00,0.000000e+00,0.000000e+00,0.000000e+00,3.086105e-17,2.353427e-30,2.056324e-17,2.433500e-31,2.284451e-22,1.513403e-17,2.027497e-19,-2.923513e-42,-3.067637e-17,-1.533926e-17,-2.056292e-17,-2.567093e-32,-2.284533e-22,-1.513387e-17,-2.027533e-19,-2.555476e-32,1.846811e-19,1.670651e-19,3.231935e-22,2.176791e-31,-8.168752e-27,1.594195e-22,-3.549919e-24,-2.555476e-32
697.7438,200.00,292.2198,1.520406e+02,4.771214e-03,C,4.058041e-03,1.035826e+00,0.4050%,5.677637e-02,5.179973e-02,1.914001e-04,4.674759e-15,1.444038e-09,1.108307e-04,1.604943e-06,0.000000e+00,0.000000e+00,1.550633e-17,0.000000e+00,0.000000e+00,0.000000e+00,0.000000e+00,0.000000e+00,0.000000e+00,3.087800e-17,2.296026e-30,2.058883e-17,2.433158e-31,2.283549e-22,1.515381e-17,2.027605e-19,-2.505868e-42,-3.071596e-17,-1.535906e-17,-2.058852e-17,-2.570922e-32,-2.283591e-22,-1.515365e-17,-2.027639e-19,-2.558936e-32,1.620393e-19,1.472654e-19,3.126653e-22,2.176066e-31,-4.221143e-27,1.544649e-22,-3.400635e-24,-2.558936e-32
717.7438,200.00,292.2369,1.523946e+02,4.199364e-03,C,4.063125e-03,1.035826e+00,0.4055%,5.687283e-02,5.188699e-02,1.916081e-04,4.812305e-15,1.444010e-09,1.109398e-04,1.605010e-06,0.000000e+00,0.000000e+00,1.550633e-17,0.000000e+00,0.000000e+00,0.000000e+00,0.000000e+00,0.000000e+00,0.000000e+00,3.089558e-17,2.640430e-30,2.061204e-17,2.433983e-31,2.283479e-22,1.517170e-17,2.028076e-19,-2.088224e-42,-3.075111e-17,-1.537664e-17,-2.061124e-17,-2.574371e-32,-2.282902e-22,-1.517121e-17,-2.027817e-19,-2.562015e-32,1.444737e-19,1.296888e-19,7.940549e-22,2.176546e-31,5.773245e-26,4.894449e-22,2.586363e-23,-2.562015e-32
737.7438,200.00,292.2518,1.527056e+02,3.693198e-03,C,4.067669e-03,1.035826e+00,0.4059%,5.695771e-02,5.196380e-02,1.917858e-04,4.949924e-15,1.443351e-09,1.110320e-04,1.604761e-06,0.000000e+00,0.000000e+00,1.550633e-17,0.000000e+00,0.000000e+00,0.000000e+00,0.000000e+00,0.000000e+00,0.000000e+00,3.090765e-17,2.468228e-30,2.063161e-17,2.433383e-31,2.282480e-22,1.518684e-17,2.028002e-19,0.000000e+00,-3.078225e-17,-1.539221e-17,-2.063138e-17,-2.577467e-32,-2.282574e-22,-1.518675e-17,-2.028034e-19,-2.564744e-32,1.253988e-19,1.141144e-19,2.289204e-22,2.175636e-31,-9.442458e-27,9.229649e-23,-3.224241e-24,-2.564744e-32
757.7438,200.00,292.2651,1.529803e+02,3.247139e-03,C,4.071648e-03,1.035826e+00,0.4063%,5.703243e-02,5.203139e-02,1.919458e-04,5.087459e-15,1.443102e-09,1.111158e-04,1.604716e-06,0.000000e+00,0.000000e+00,1.550633e-17,0.000000e+00,0.000000e+00,0.000000e+00,0.000000e+00,0.000000e+00,0.000000e+00,3.092031e-17,3.042235e-30,2.064939e-17,2.433673e-31,2.282134e-22,1.520057e-17,2.028213e-19,1.252934e-42,-3.080972e-17,-1.540595e-17,-2.064914e-17,-2.580244e-32,-2.282230e-22,-1.520046e-17,-2.028244e-19,-2.567155e-32,1.105960e-19,1.003765e-19,2.519167e-22,2.175648e-31,-9.559385e-27,1.101224e-22,-3.107667e-24,-2.567155e-32
777.7438,200.00,292.2766,1.532210e+02,2.855334e-03,C,4.075137e-03,1.035826e+00,0.4067%,5.709819e-02,5.209087e-02,1.920860e-04,5.224968e-15,1.442931e-09,1.111891e-04,1.604676e-06,0.000000e+00,0.000000e+00,1.550633e-17,0.000000e+00,0.000000e+00,0.000000e+00,0.000000e+00,0.000000e+00,0.000000e+00,3.093135e-17,2.697831e-30,2.066497e-17,2.433961e-31,2.281824e-22,1.521260e-17,2.028397e-19,2.088224e-42,-3.083387e-17,-1.541803e-17,-2.066480e-17,-2.582737e-32,-2.281885e-22,-1.521252e-17,-2.028414e-19,-2.569281e-32,9.748089e-20,8.829938e-20,1.682666e-22,2.175688e-31,-6.162363e-27,8.483656e-23,-1.796643e-24,-2.569281e-32
797.7438,200.00,292.2869,1.534340e+02,2.511387e-03,C,4.078232e-03,1.035826e+00,0.4070%,5.715605e-02,5.214321e-02,1.922093e-04,5.362472e-15,1.442742e-09,1.112537e-04,1.604611e-06,0.000000e+00,0.000000e+00,1.550633e-17,0.000000e+00,0.000000e+00,0.000000e+00,0.000000e+00,0.000000e+00,0.000000e+00,3.094085e-17,2.984834e-30,2.067868e-17,2.434126e-31,2.281462e-22,1.522319e-17,2.028512e-19,-1.252934e-42,-3.085508e-17,-1.542864e-17,-2.067852e-17,-2.584965e-32,-2.281470e-22,-1.522311e-17,-2.028529e-19,-2.571143e-32,8.576176e-20,7.768969e-20,1.584243e-22,2.175630e-31,-7.732099e-28,7.800797e-23,-1.722804e-24,-2.571143e-32
817.7438,200.00,292.2959,1.536214e+02,2.212236e-03,C,4.080973e-03,1.035826e+00,0.4073%,5.720695e-02,5.218926e-02,1.923172e-04,5.499974e-15,1.442415e-09,1.113100e-04,1.604501e-06,0.000000e+00,0.000000e+00,1.550633e-17,0.000000e+00,0.000000e+00,0.000000e+00,0.000000e+00,0.000000e+00,0.000000e+00,3.094863e-17,2.697831e-30,2.069060e-17,2.434076e-31,2.280985e-22,1.523242e-17,2.028529e-19,5.011737e-42,-3.087355e-17,-1.543787e-17,-2.069045e-17,-2.586949e-32,-2.281027e-22,-1.523234e-17,-2.028545e-19,-2.572763e-32,7.508149e-20,6.845588e-20,1.550816e-22,2.175381e-31,-4.185200e-27,7.726477e-23,-1.635375e-24,-2.572763e-32
837.7438,200.00,292.3038,1.537854e+02,1.942852e-03,C,4.083346e-03,1.035826e+00,0.4075%,5.725175e-02,5.222977e-02,1.924138e-04,5.637515e-15,1.442366e-09,1.113606e-04,1.604511e-06,0.000000e+00,0.000000e+00,1.550633e-17,0.000000e+00,0.000000e+00,0.000000e+00,0.000000e+00,0.000000e+00,0.000000e+00,3.095661e-17,2.697831e-30,2.070135e-17,2.434567e-31,2.280892e-22,1.524071e-17,2.028713e-19,3.341158e-42,-3.089018e-17,-1.544619e-17,-2.070120e-17,-2.588781e-32,-2.280933e-22,-1.524064e-17,-2.028729e-19,-2.574231e-32,6.643093e-20,6.013616e-20,1.498996e-22,2.175689e-31,-4.016532e-27,7.249488e-23,-1.596084e-24,-2.574231e-32
857.7438,200.00,292.3108,1.539305e+02,1.709286e-03,C,4.085464e-03,1.035826e+00,0.4077%,5.729115e-02,5.226541e-02,1.924978e-04,5.775021e-15,1.442174e-09,1.114044e-04,1.604451e-06,0.000000e+00,0.000000e+00,1.550633e-17,0.000000e+00,0.000000e+00,0.000000e+00,0.000000e+00,0.000000e+00,0.000000e+00,3.096293e-17,2.697831e-30,2.071066e-17,2.434713e-31,2.280600e-22,1.524791e-17,2.028766e-19,-6.264671e-42,-3.090461e-17,-1.545341e-17,-2.071053e-17,-2.590413e-32,-2.280621e-22,-1.524785e-17,-2.028782e-19,-2.575500e-32,5.831673e-20,5.291904e-20,1.325136e-22,2.175671e-31,-2.111526e-27,5.980213e-23,-1.582718e-24,-2.575500e-32
877.7438,200.00,292.3169,1.540580e+02,1.497613e-03,C,4.087299e-03,1.035826e+00,0.4079%,5.732581e-02,5.229675e-02,1.925729e-04,5.912532e-15,1.442186e-09,1.114440e-04,1.604489e-06,0.000000e+00,0.000000e+00,1.550633e-17,0.000000e+00,0.000000e+00,0.000000e+00,0.000000e+00,0.000000e+00,0.000000e+00,3.096946e-17,3.042235e-30,2.071907e-17,2.435293e-31,2.280614e-22,1.525439e-17,2.028955e-19,1.252934e-42,-3.091770e-17,-1.545995e-17,-2.071904e-17,-2.591927e-32,-2.280607e-22,-1.525437e-17,-2.028958e-19,-2.576651e-32,5.176247e-20,4.637551e-20,3.121215e-23,2.176101e-31,6.783060e-28,1.965781e-23,-3.194137e-25,-2.576651e-32
897.7438,200.00,292.3223,1.541696e+02,1.320202e-03,C,4.088936e-03,1.035826e+00,0.4081%,5.735631e-02,5.232432e-02,1.926375e-04,6.050050e-15,1.442029e-09,1.114776e-04,1.604424e-06,0.000000e+00,0.000000e+00,1.550633e-17,0.000000e+00,0.000000e+00,0.000000e+00,0.000000e+00,0.000000e+00,0.000000e+00,3.097411e-17,2.984834e-30,2.072620e-17,2.435408e-31,2.280334e-22,1.525990e-17,2.028968e-19,4.176447e-42,-3.092867e-17,-1.546544e-17,-2.072613e-17,-2.593263e-32,-2.280335e-22,-1.525985e-17,-2.028970e-19,-2.577625e-32,4.544017e-20,4.088899e-20,7.173730e-23,2.176082e-31,-1.012750e-28,5.194106e-23,-2.244775e-25,-2.577625e-32
917.7438,200.00,292.3271,1.542692e+02,1.158711e-03,C,4.090378e-03,1.035826e+00,0.4082%,5.738312e-02,5.234858e-02,1.926960e-04,6.187574e-15,1.441948e-09,1.115084e-04,1.604429e-06,0.000000e+00,0.000000e+00,1.550633e-17,0.000000e+00,0.000000e+00,0.000000e+00,0.000000e+00,0.000000e+00,0.000000e+00,3.097901e-17,3.042235e-30,2.073272e-17,2.435829e-31,2.280277e-22,1.526493e-17,2.029076e-19,3.758802e-42,-3.093871e-17,-1.547044e-17,-2.073265e-17,-2.594344e-32,-2.280296e-22,-1.526489e-17,-2.029078e-19,-2.577584e-32,4.029906e-20,3.589311e-20,6.837306e-23,2.176395e-31,-1.853860e-27,4.878212e-23,-2.041463e-25,-2.577584e-32
937.7438,200.00,292.3312,1.543545e+02,1.024527e-03,C,4.091644e-03,1.035826e+00,0.4083%,5.740673e-02,5.236991e-02,1.927444e-04,6.325110e-15,1.441731e-09,1.115334e-04,1.604325e-06,0.000000e+00,0.000000e+00,1.550633e-17,0.000000e+00,0.000000e+00,0.000000e+00,0.000000e+00,0.000000e+00,0.000000e+00,3.098190e-17,3.329238e-30,2.073802e-17,2.435755e-31,2.279896e-22,1.526905e-17,2.029001e-19,4.594092e-42,-3.094696e-17,-1.547459e-17,-2.073795e-17,-2.595605e-32,-2.279896e-22,-1.526899e-17,-2.029002e-19,-2.579243e-32,3.493285e-20,3.174080e-20,7.261844e-23,2.176194e-31,-3.794505e-29,5.426772e-23,-1.367514e-25,-2.579243e-32
957.7438,200.00,292.3349,1.544315e+02,9.021328e-04,C,4.092773e-03,1.035826e+00,0.4084%,5.742747e-02,5.238869e-02,1.927887e-04,6.462655e-15,1.441598e-09,1.115564e-04,1.604271e-06,0.000000e+00,0.000000e+00,1.550633e-17,0.000000e+00,0.000000e+00,0.000000e+00,0.000000e+00,0.000000e+00,0.000000e+00,3.098502e-17,3.329238e-30,2.074290e-17,2.435891e-31,2.279674e-22,1.527282e-17,2.028991e-19,4.176447e-42,-3.095454e-17,-1.547838e-17,-2.074279e-17,-2.596623e-32,-2.279683e-22,-1.527278e-17,-2.029005e-19,-2.579900e-32,3.048278e-20,2.795232e-20,1.088453e-22,2.176229e-31,-8.979206e-28,4.392058e-23,-1.402043e-24,-2.579900e-32
