,x_co2,S,T
0,1e-06,0.1,177.376
1,1e-06,0.15833333333333333,194.842
2,1e-06,0.21666666666666667,207.878
3,1e-06,0.275,218.92
4,1e-06,0.3333333333333333,228.201
5,1e-06,0.3916666666666666,236.285
6,1e-06,0.44999999999999996,243.517
7,1e-06,0.5083333333333333,249.904
8,1e-06,0.5666666666666667,255.505
9,1e-06,0.6249999999999999,260.4
10,1e-06,0.6833333333333332,264.688
11,1e-06,0.7416666666666666,268.617
12,1e-06,0.7999999999999999,272.277
13,1e-06,0.8583333333333333,275.667
14,1e-06,0.9166666666666665,278.854
15,1e-06,0.9749999999999999,281.898
16,1e-06,1.0333333333333332,284.878
17,1e-06,1.0916666666666666,287.792
18,1e-06,1.15,290.657
19,1e-06,1.2083333333333333,293.572
20,1e-06,1.2666666666666666,296.157
21,1e-06,1.325,339.777
22,1e-06,1.3833333333333333,345.676
23,1e-06,1.4416666666666667,351.686
24,1e-06,1.5,357.693
25,1.778279410038923e-06,0.1,177.731
26,1.778279410038923e-06,0.15833333333333333,195.263
27,1.778279410038923e-06,0.21666666666666667,208.322
28,1.778279410038923e-06,0.275,219.397
29,1.778279410038923e-06,0.3333333333333333,228.693
30,1.778279410038923e-06,0.3916666666666666,236.78
31,1.778279410038923e-06,0.44999999999999996,244.015
32,1.778279410038923e-06,0.5083333333333333,250.38
33,1.778279410038923e-06,0.5666666666666667,255.958
34,1.778279410038923e-06,0.6249999999999999,260.827
35,1.778279410038923e-06,0.6833333333333332,265.095
36,1.778279410038923e-06,0.7416666666666666,269.026
37,1.778279410038923e-06,0.7999999999999999,272.672
38,1.778279410038923e-06,0.8583333333333333,276.056
39,1.778279410038923e-06,0.9166666666666665,279.237
40,1.778279410038923e-06,0.9749999999999999,282.285
41,1.778279410038923e-06,1.0333333333333332,285.263
42,1.778279410038923e-06,1.0916666666666666,288.178
43,1.778279410038923e-06,1.15,291.054
44,1.778279410038923e-06,1.2083333333333333,293.908
45,1.778279410038923e-06,1.2666666666666666,296.481
46,1.778279410038923e-06,1.325,339.885
47,1.778279410038923e-06,1.3833333333333333,345.778
48,1.778279410038923e-06,1.4416666666666667,351.779
49,1.778279410038923e-06,1.5,357.782
50,3.162277660168379e-06,0.1,178.115
51,3.162277660168379e-06,0.15833333333333333,195.726
52,3.162277660168379e-06,0.21666666666666667,208.827
53,3.162277660168379e-06,0.275,219.939
54,3.162277660168379e-06,0.3333333333333333,229.257
55,3.162277660168379e-06,0.3916666666666666,237.351
56,3.162277660168379e-06,0.44999999999999996,244.601
57,3.162277660168379e-06,0.5083333333333333,250.944
58,3.162277660168379e-06,0.5666666666666667,256.495
59,3.162277660168379e-06,0.6249999999999999,261.333
60,3.162277660168379e-06,0.6833333333333332,265.577
61,3.162277660168379e-06,0.7416666666666666,269.51
62,3.162277660168379e-06,0.7999999999999999,273.151
63,3.162277660168379e-06,0.8583333333333333,276.532
64,3.162277660168379e-06,0.9166666666666665,279.71
65,3.162277660168379e-06,0.9749999999999999,282.772
66,3.162277660168379e-06,1.0333333333333332,285.749
67,3.162277660168379e-06,1.0916666666666666,288.67
68,3.162277660168379e-06,1.15,291.566
69,3.162277660168379e-06,1.2083333333333333,294.329
70,3.162277660168379e-06,1.2666666666666666,296.898
71,3.162277660168379e-06,1.325,340.034
72,3.162277660168379e-06,1.3833333333333333,345.907
73,3.162277660168379e-06,1.4416666666666667,351.897
74,3.162277660168379e-06,1.5,357.892
75,5.623413251903491e-06,0.1,178.513
76,5.623413251903491e-06,0.15833333333333333,196.212
77,5.623413251903491e-06,0.21666666666666667,209.367
78,5.623413251903491e-06,0.275,220.527
79,5.623413251903491e-06,0.3333333333333333,229.865
80,5.623413251903491e-06,0.3916666666666666,237.981
81,5.623413251903491e-06,0.44999999999999996,245.25
82,5.623413251903491e-06,0.5083333333333333,251.572
83,5.623413251903491e-06,0.5666666666666667,257.095
84,5.623413251903491e-06,0.6249999999999999,261.905
85,5.623413251903491e-06,0.6833333333333332,266.129
86,5.623413251903491e-06,0.7416666666666666,270.062
87,5.623413251903491e-06,0.7999999999999999,273.701
88,5.623413251903491e-06,0.8583333333333333,277.083
89,5.623413251903491e-06,0.9166666666666665,280.269
90,5.623413251903491e-06,0.9749999999999999,283.346
91,5.623413251903491e-06,1.0333333333333332,286.328
92,5.623413251903491e-06,1.0916666666666666,289.269
93,5.623413251903491e-06,1.15,292.204
94,5.623413251903491e-06,1.2083333333333333,294.841
95,5.623413251903491e-06,1.2666666666666666,297.41
96,5.623413251903491e-06,1.325,340.234
97,5.623413251903491e-06,1.3833333333333333,346.081
98,5.623413251903491e-06,1.4416666666666667,352.056
99,5.623413251903491e-06,1.5,358.034
100,1e-05,0.1,178.921
101,1e-05,0.15833333333333333,196.713
102,1e-05,0.21666666666666667,209.933
103,1e-05,0.275,221.153
104,1e-05,0.3333333333333333,230.521
105,1e-05,0.3916666666666666,238.66
106,1e-05,0.44999999999999996,245.95
107,1e-05,0.5083333333333333,252.263
108,1e-05,0.5666666666666667,257.753
109,1e-05,0.6249999999999999,262.531
110,1e-05,0.6833333333333332,266.735
111,1e-05,0.7416666666666666,270.679
112,1e-05,0.7999999999999999,274.313
113,1e-05,0.8583333333333333,277.701
114,1e-05,0.9166666666666665,280.893
115,1e-05,0.9749999999999999,283.994
116,1e-05,1.0333333333333332,286.994
117,1e-05,1.0916666666666666,289.96
118,1e-05,1.15,292.809
119,1e-05,1.2083333333333333,295.426
120,1e-05,1.2666666666666666,334.984
121,1e-05,1.325,340.498
122,1e-05,1.3833333333333333,346.311
123,1e-05,1.4416666666666667,352.265
124,1e-05,1.5,358.22
125,1.778279410038923e-05,0.1,179.333
126,1.778279410038923e-05,0.15833333333333333,197.235
127,1.778279410038923e-05,0.21666666666666667,210.531
128,1.778279410038923e-05,0.275,221.81
129,1.778279410038923e-05,0.3333333333333333,231.221
130,1.778279410038923e-05,0.3916666666666666,239.377
131,1.778279410038923e-05,0.44999999999999996,246.703
132,1.778279410038923e-05,0.5083333333333333,253.009
133,1.778279410038923e-05,0.5666666666666667,258.466
134,1.778279410038923e-05,0.6249999999999999,263.214
135,1.778279410038923e-05,0.6833333333333332,267.39
136,1.778279410038923e-05,0.7416666666666666,271.344
137,1.778279410038923e-05,0.7999999999999999,274.984
138,1.778279410038923e-05,0.8583333333333333,278.373
139,1.778279410038923e-05,0.9166666666666665,281.592
140,1.778279410038923e-05,0.9749999999999999,284.707
141,1.778279410038923e-05,1.0333333333333332,287.72
142,1.778279410038923e-05,1.0916666666666666,290.73
143,1.778279410038923e-05,1.15,293.45
144,1.778279410038923e-05,1.2083333333333333,296.079
145,1.778279410038923e-05,1.2666666666666666,335.331
146,1.778279410038923e-05,1.325,340.838
147,1.778279410038923e-05,1.3833333333333333,346.613
148,1.778279410038923e-05,1.4416666666666667,352.542
149,1.778279410038923e-05,1.5,358.453
150,3.1622776601683795e-05,0.1,179.784
151,3.1622776601683795e-05,0.15833333333333333,197.797
152,3.1622776601683795e-05,0.21666666666666667,211.187
153,3.1622776601683795e-05,0.275,222.517
154,3.1622776601683795e-05,0.3333333333333333,231.962
155,3.1622776601683795e-05,0.3916666666666666,240.17
156,3.1622776601683795e-05,0.44999999999999996,247.497
157,3.1622776601683795e-05,0.5083333333333333,253.789
158,3.1622776601683795e-05,0.5666666666666667,259.216
159,3.1622776601683795e-05,0.6249999999999999,263.932
160,3.1622776601683795e-05,0.6833333333333332,268.092
161,3.1622776601683795e-05,0.7416666666666666,272.062
162,3.1622776601683795e-05,0.7999999999999999,275.7
163,3.1622776601683795e-05,0.8583333333333333,279.103
164,3.1622776601683795e-05,0.9166666666666665,282.344
165,3.1622776601683795e-05,0.9749999999999999,285.475
166,3.1622776601683795e-05,1.0333333333333332,288.51
167,3.1622776601683795e-05,1.0916666666666666,291.431
168,3.1622776601683795e-05,1.15,294.144
169,3.1622776601683795e-05,1.2083333333333333,296.792
170,3.1622776601683795e-05,1.2666666666666666,335.775
171,3.1622776601683795e-05,1.325,341.271
172,3.1622776601683795e-05,1.3833333333333333,347.011
173,3.1622776601683795e-05,1.4416666666666667,352.904
174,3.1622776601683795e-05,1.5,358.779
175,5.623413251903491e-05,0.1,180.313
176,5.623413251903491e-05,0.15833333333333333,198.432
177,5.623413251903491e-05,0.21666666666666667,211.919
178,5.623413251903491e-05,0.275,223.297
179,5.623413251903491e-05,0.3333333333333333,232.773
180,5.623413251903491e-05,0.3916666666666666,241.033
181,5.623413251903491e-05,0.44999999999999996,248.349
182,5.623413251903491e-05,0.5083333333333333,254.626
183,5.623413251903491e-05,0.5666666666666667,260.017
184,5.623413251903491e-05,0.6249999999999999,264.701
185,5.623413251903491e-05,0.6833333333333332,268.867
186,5.623413251903491e-05,0.7416666666666666,272.824
187,5.623413251903491e-05,0.7999999999999999,276.466
188,5.623413251903491e-05,0.8583333333333333,279.874
189,5.623413251903491e-05,0.9166666666666665,283.149
190,5.623413251903491e-05,0.9749999999999999,286.293
191,5.623413251903491e-05,1.0333333333333332,289.358
192,5.623413251903491e-05,1.0916666666666666,292.17
193,5.623413251903491e-05,1.15,294.898
194,5.623413251903491e-05,1.2083333333333333,297.571
195,5.623413251903491e-05,1.2666666666666666,336.3
196,5.623413251903491e-05,1.325,341.791
197,5.623413251903491e-05,1.3833333333333333,347.49
198,5.623413251903491e-05,1.4416666666666667,353.353
199,5.623413251903491e-05,1.5,359.188
200,0.0001,0.1,180.973
201,0.0001,0.15833333333333333,199.158
202,0.0001,0.21666666666666667,212.756
203,0.0001,0.275,224.167
204,0.0001,0.3333333333333333,233.672
205,0.0001,0.3916666666666666,241.967
206,0.0001,0.44999999999999996,249.267
207,0.0001,0.5083333333333333,255.51
208,0.0001,0.5666666666666667,260.86
209,0.0001,0.6249999999999999,265.507
210,0.0001,0.6833333333333332,269.688
211,0.0001,0.7416666666666666,273.634
212,0.0001,0.7999999999999999,277.274
213,0.0001,0.8583333333333333,280.691
214,0.0001,0.9166666666666665,283.995
215,0.0001,0.9749999999999999,287.165
216,0.0001,1.0333333333333332,290.136
217,0.0001,1.0916666666666666,292.957
218,0.0001,1.15,295.702
219,0.0001,1.2083333333333333,331.987
220,0.0001,1.2666666666666666,336.922
221,0.0001,1.325,342.397
222,0.0001,1.3833333333333333,348.067
223,0.0001,1.4416666666666667,353.905
224,0.0001,1.5,359.697
225,0.00017782794100389227,0.1,181.731
226,0.00017782794100389227,0.15833333333333333,199.983
227,0.00017782794100389227,0.21666666666666667,213.679
228,0.00017782794100389227,0.275,225.13
229,0.00017782794100389227,0.3333333333333333,234.648
230,0.00017782794100389227,0.3916666666666666,242.986
231,0.00017782794100389227,0.44999999999999996,250.243
232,0.00017782794100389227,0.5083333333333333,256.448
233,0.00017782794100389227,0.5666666666666667,261.75
234,0.00017782794100389227,0.6249999999999999,266.359
235,0.00017782794100389227,0.6833333333333332,270.553
236,0.00017782794100389227,0.7416666666666666,274.483
237,0.00017782794100389227,0.7999999999999999,278.119
238,0.00017782794100389227,0.8583333333333333,281.557
239,0.00017782794100389227,0.9166666666666665,284.878
240,0.00017782794100389227,0.9749999999999999,288.073
241,0.00017782794100389227,1.0333333333333332,290.948
242,0.00017782794100389227,1.0916666666666666,293.778
243,0.00017782794100389227,1.15,296.544
244,0.00017782794100389227,1.2083333333333333,332.65
245,0.00017782794100389227,1.2666666666666666,337.629
246,0.00017782794100389227,1.325,343.093
247,0.00017782794100389227,1.3833333333333333,348.744
248,0.00017782794100389227,1.4416666666666667,354.564
249,0.00017782794100389227,1.5,360.301
250,0.00031622776601683794,0.1,182.572
251,0.00031622776601683794,0.15833333333333333,200.892
252,0.00031622776601683794,0.21666666666666667,214.682
253,0.00031622776601683794,0.275,226.151
254,0.00031622776601683794,0.3333333333333333,235.684
255,0.00031622776601683794,0.3916666666666666,244.043
256,0.00031622776601683794,0.44999999999999996,251.265
257,0.00031622776601683794,0.5083333333333333,257.408
258,0.00031622776601683794,0.5666666666666667,262.658
259,0.00031622776601683794,0.6249999999999999,267.224
260,0.00031622776601683794,0.6833333333333332,271.436
261,0.00031622776601683794,0.7416666666666666,275.355
262,0.00031622776601683794,0.7999999999999999,278.989
263,0.00031622776601683794,0.8583333333333333,282.444
264,0.00031622776601683794,0.9166666666666665,285.779
265,0.00031622776601683794,0.9749999999999999,288.884
266,0.00031622776601683794,1.0333333333333332,291.762
267,0.00031622776601683794,1.0916666666666666,294.604
268,0.00031622776601683794,1.15,297.392
269,0.00031622776601683794,1.2083333333333333,333.384
270,0.00031622776601683794,1.2666666666666666,338.418
271,0.00031622776601683794,1.325,343.881
272,0.00031622776601683794,1.3833333333333333,349.52
273,0.00031622776601683794,1.4416666666666667,355.313
274,0.00031622776601683794,1.5,361.01
275,0.0005623413251903491,0.1,183.447
276,0.0005623413251903491,0.15833333333333333,201.811
277,0.0005623413251903491,0.21666666666666667,215.693
278,0.0005623413251903491,0.275,227.188
279,0.0005623413251903491,0.3333333333333333,236.722
280,0.0005623413251903491,0.3916666666666666,245.105
281,0.0005623413251903491,0.44999999999999996,252.274
282,0.0005623413251903491,0.5083333333333333,258.361
283,0.0005623413251903491,0.5666666666666667,263.556
284,0.0005623413251903491,0.6249999999999999,268.083
285,0.0005623413251903491,0.6833333333333332,272.308
286,0.0005623413251903491,0.7416666666666666,276.217
287,0.0005623413251903491,0.7999999999999999,279.842
288,0.0005623413251903491,0.8583333333333333,283.321
289,0.0005623413251903491,0.9166666666666665,286.667
290,0.0005623413251903491,0.9749999999999999,289.633
291,0.0005623413251903491,1.0333333333333332,292.546
292,0.0005623413251903491,1.0916666666666666,295.396
293,0.0005623413251903491,1.15,329.707
294,0.0005623413251903491,1.2083333333333333,334.193
295,0.0005623413251903491,1.2666666666666666,339.288
296,0.0005623413251903491,1.325,344.76
297,0.0005623413251903491,1.3833333333333333,350.406
298,0.0005623413251903491,1.4416666666666667,356.178
299,0.0005623413251903491,1.5,361.826
300,0.001,0.1,184.257
301,0.001,0.15833333333333333,202.693
302,0.001,0.21666666666666667,216.644
303,0.001,0.275,228.151
304,0.001,0.3333333333333333,237.695
305,0.001,0.3916666666666666,246.084
306,0.001,0.44999999999999996,253.217
307,0.001,0.5083333333333333,259.24
308,0.001,0.5666666666666667,264.389
309,0.001,0.6249999999999999,268.884
310,0.001,0.6833333333333332,273.121
311,0.001,0.7416666666666666,277.022
312,0.001,0.7999999999999999,280.646
313,0.001,0.8583333333333333,284.141
314,0.001,0.9166666666666665,287.399
315,0.001,0.9749999999999999,290.302
316,0.001,1.0333333333333332,293.248
317,0.001,1.0916666666666666,296.106
318,0.001,1.15,330.498
319,0.001,1.2083333333333333,335.081
320,0.001,1.2666666666666666,340.241
321,0.001,1.325,345.733
322,0.001,1.3833333333333333,351.41
323,0.001,1.4416666666666667,357.17
324,0.001,1.5,362.769
325,0.0017782794100389228,0.1,184.911
326,0.0017782794100389228,0.15833333333333333,203.435
327,0.0017782794100389228,0.21666666666666667,217.455
328,0.0017782794100389228,0.275,228.993
329,0.0017782794100389228,0.3333333333333333,238.543
330,0.0017782794100389228,0.3916666666666666,246.933
331,0.0017782794100389228,0.44999999999999996,254.025
332,0.0017782794100389228,0.5083333333333333,260.008
333,0.0017782794100389228,0.5666666666666667,265.112
334,0.0017782794100389228,0.6249999999999999,269.579
335,0.0017782794100389228,0.6833333333333332,273.824
336,0.0017782794100389228,0.7416666666666666,277.723
337,0.0017782794100389228,0.7999999999999999,281.356
338,0.0017782794100389228,0.8583333333333333,284.857
339,0.0017782794100389228,0.9166666666666665,287.976
340,0.0017782794100389228,0.9749999999999999,290.886
341,0.0017782794100389228,1.0333333333333332,293.829
342,0.0017782794100389228,1.0916666666666666,296.695
343,0.0017782794100389228,1.15,331.342
344,0.0017782794100389228,1.2083333333333333,336.033
345,0.0017782794100389228,1.2666666666666666,341.291
346,0.0017782794100389228,1.325,346.818
347,0.0017782794100389228,1.3833333333333333,352.534
348,0.0017782794100389228,1.4416666666666667,358.296
349,0.0017782794100389228,1.5,363.846
350,0.0031622776601683794,0.1,185.335
351,0.0031622776601683794,0.15833333333333333,203.978
352,0.0031622776601683794,0.21666666666666667,218.065
353,0.0031622776601683794,0.275,229.644
354,0.0031622776601683794,0.3333333333333333,239.22
355,0.0031622776601683794,0.3916666666666666,247.605
356,0.0031622776601683794,0.44999999999999996,254.684
357,0.0031622776601683794,0.5083333333333333,260.627
358,0.0031622776601683794,0.5666666666666667,265.699
359,0.0031622776601683794,0.6249999999999999,270.153
360,0.0031622776601683794,0.6833333333333332,274.404
361,0.0031622776601683794,0.7416666666666666,278.299
362,0.0031622776601683794,0.7999999999999999,281.947
363,0.0031622776601683794,0.8583333333333333,285.374
364,0.0031622776601683794,0.9166666666666665,288.436
365,0.0031622776601683794,0.9749999999999999,291.349
366,0.0031622776601683794,1.0333333333333332,294.29
367,0.0031622776601683794,1.0916666666666666,297.16
368,0.0031622776601683794,1.15,332.242
369,0.0031622776601683794,1.2083333333333333,337.081
370,0.0031622776601683794,1.2666666666666666,342.448
371,0.0031622776601683794,1.325,348.027
372,0.0031622776601683794,1.3833333333333333,353.801
373,0.0031622776601683794,1.4416666666666667,359.567
374,0.0031622776601683794,1.5,365.075
375,0.005623413251903491,0.1,185.542
376,0.005623413251903491,0.15833333333333333,204.345
377,0.005623413251903491,0.21666666666666667,218.514
378,0.005623413251903491,0.275,230.158
379,0.005623413251903491,0.3333333333333333,239.781
380,0.005623413251903491,0.3916666666666666,248.164
381,0.005623413251903491,0.44999999999999996,255.232
382,0.005623413251903491,0.5083333333333333,261.16
383,0.005623413251903491,0.5666666666666667,266.21
384,0.005623413251903491,0.6249999999999999,270.658
385,0.005623413251903491,0.6833333333333332,274.913
386,0.005623413251903491,0.7416666666666666,278.808
387,0.005623413251903491,0.7999999999999999,282.469
388,0.005623413251903491,0.8583333333333333,285.782
389,0.005623413251903491,0.9166666666666665,288.838
390,0.005623413251903491,0.9749999999999999,291.756
391,0.005623413251903491,1.0333333333333332,294.7
392,0.005623413251903491,1.0916666666666666,297.572
393,0.005623413251903491,1.15,333.194
394,0.005623413251903491,1.2083333333333333,338.224
395,0.005623413251903491,1.2666666666666666,343.709
396,0.005623413251903491,1.325,349.38
397,0.005623413251903491,1.3833333333333333,355.209
398,0.005623413251903491,1.4416666666666667,360.969
399,0.005623413251903491,1.5,366.458
400,0.01,0.1,185.625
401,0.01,0.15833333333333333,204.627
402,0.01,0.21666666666666667,218.909
403,0.01,0.275,230.65
404,0.01,0.3333333333333333,240.347
405,0.01,0.3916666666666666,248.735
406,0.01,0.44999999999999996,255.799
407,0.01,0.5083333333333333,261.72
408,0.01,0.5666666666666667,266.752
409,0.01,0.6249999999999999,271.196
410,0.01,0.6833333333333332,275.462
411,0.01,0.7416666666666666,279.36
412,0.01,0.7999999999999999,282.986
413,0.01,0.8583333333333333,286.246
414,0.01,0.9166666666666665,289.301
415,0.01,0.9749999999999999,292.238
416,0.01,1.0333333333333332,295.182
417,0.01,1.0916666666666666,-1.0
418,0.01,1.15,334.194
419,0.01,1.2083333333333333,339.428
420,0.01,1.2666666666666666,345.052
421,0.01,1.325,350.846
422,0.01,1.3833333333333333,356.739
423,0.01,1.4416666666666667,362.49
424,0.01,1.5,367.958
425,0.01778279410038923,0.1,185.699
426,0.01778279410038923,0.15833333333333333,204.939
427,0.01778279410038923,0.21666666666666667,219.364
428,0.01778279410038923,0.275,231.242
429,0.01778279410038923,0.3333333333333333,241.034
430,0.01778279410038923,0.3916666666666666,249.441
431,0.01778279410038923,0.44999999999999996,256.517
432,0.01778279410038923,0.5083333333333333,262.42
433,0.01778279410038923,0.5666666666666667,267.444
434,0.01778279410038923,0.6249999999999999,271.915
435,0.01778279410038923,0.6833333333333332,276.185
436,0.01778279410038923,0.7416666666666666,280.086
437,0.01778279410038923,0.7999999999999999,283.63
438,0.01778279410038923,0.8583333333333333,286.9
439,0.01778279410038923,0.9166666666666665,289.948
440,0.01778279410038923,0.9749999999999999,292.919
441,0.01778279410038923,1.0333333333333332,295.869
442,0.01778279410038923,1.0916666666666666,330.509
443,0.01778279410038923,1.15,335.223
444,0.01778279410038923,1.2083333333333333,340.647
445,0.01778279410038923,1.2666666666666666,346.414
446,0.01778279410038923,1.325,352.348
447,0.01778279410038923,1.3833333333333333,358.312
448,0.01778279410038923,1.4416666666666667,364.047
449,0.01778279410038923,1.5,369.547
450,0.03162277660168379,0.1,185.83
451,0.03162277660168379,0.15833333333333333,205.329
452,0.03162277660168379,0.21666666666666667,219.946
453,0.03162277660168379,0.275,231.982
454,0.03162277660168379,0.3333333333333333,241.899
455,0.03162277660168379,0.3916666666666666,250.348
456,0.03162277660168379,0.44999999999999996,257.427
457,0.03162277660168379,0.5083333333333333,263.333
458,0.03162277660168379,0.5666666666666667,268.345
459,0.03162277660168379,0.6249999999999999,272.866
460,0.03162277660168379,0.6833333333333332,277.14
461,0.03162277660168379,0.7416666666666666,281.009
462,0.03162277660168379,0.7999999999999999,284.522
463,0.03162277660168379,0.8583333333333333,287.798
464,0.03162277660168379,0.9166666666666665,290.847
465,0.03162277660168379,0.9749999999999999,293.878
466,0.03162277660168379,1.0333333333333332,296.832
467,0.03162277660168379,1.0916666666666666,331.394
468,0.03162277660168379,1.15,336.198
469,0.03162277660168379,1.2083333333333333,341.772
470,0.03162277660168379,1.2666666666666666,347.678
471,0.03162277660168379,1.325,353.768
472,0.03162277660168379,1.3833333333333333,359.805
473,0.03162277660168379,1.4416666666666667,365.535
474,0.03162277660168379,1.5,371.15
475,0.05623413251903491,0.1,186.013
476,0.05623413251903491,0.15833333333333333,205.781
477,0.05623413251903491,0.21666666666666667,220.641
478,0.05623413251903491,0.275,232.864
479,0.05623413251903491,0.3333333333333333,242.937
480,0.05623413251903491,0.3916666666666666,251.442
481,0.05623413251903491,0.44999999999999996,258.518
482,0.05623413251903491,0.5083333333333333,264.415
483,0.05623413251903491,0.5666666666666667,269.436
484,0.05623413251903491,0.6249999999999999,274.029
485,0.05623413251903491,0.6833333333333332,278.312
486,0.05623413251903491,0.7416666666666666,282.14
487,0.05623413251903491,0.7999999999999999,285.662
488,0.05623413251903491,0.8583333333333333,288.929
489,0.05623413251903491,0.9166666666666665,291.997
490,0.05623413251903491,0.9749999999999999,295.097
491,0.05623413251903491,1.0333333333333332,297.935
492,0.05623413251903491,1.0916666666666666,332.252
493,0.05623413251903491,1.15,337.064
494,0.05623413251903491,1.2083333333333333,342.679
495,0.05623413251903491,1.2666666666666666,348.696
496,0.05623413251903491,1.325,354.912
497,0.05623413251903491,1.3833333333333333,361.024
498,0.05623413251903491,1.4416666666666667,366.775
499,0.05623413251903491,1.5,372.628
500,0.1,0.1,186.189
501,0.1,0.15833333333333333,206.241
502,0.1,0.21666666666666667,221.384
503,0.1,0.275,233.814
504,0.1,0.3333333333333333,244.053
505,0.1,0.3916666666666666,252.643
506,0.1,0.44999999999999996,259.71
507,0.1,0.5083333333333333,265.599
508,0.1,0.5666666666666667,270.631
509,0.1,0.6249999999999999,275.328
510,0.1,0.6833333333333332,279.604
511,0.1,0.7416666666666666,283.416
512,0.1,0.7999999999999999,286.954
513,0.1,0.8583333333333333,290.205
514,0.1,0.9166666666666665,293.386
515,0.1,0.9749999999999999,296.475
516,0.1,1.0333333333333332,328.964
517,0.1,1.0916666666666666,333.052
518,0.1,1.15,337.754
519,0.1,1.2083333333333333,343.281
520,0.1,1.2666666666666666,349.296
521,0.1,1.325,355.577
522,0.1,1.3833333333333333,361.757
523,0.1,1.4416666666666667,367.565
524,0.1,1.5,373.641
525,0.1778279410038923,0.1,186.26
526,0.1778279410038923,0.15833333333333333,206.614
527,0.1778279410038923,0.21666666666666667,222.066
528,0.1778279410038923,0.275,234.707
529,0.1778279410038923,0.3333333333333333,245.141
530,0.1778279410038923,0.3916666666666666,253.81
531,0.1778279410038923,0.44999999999999996,260.894
532,0.1778279410038923,0.5083333333333333,266.771
533,0.1778279410038923,0.5666666666666667,271.82
534,0.1778279410038923,0.6249999999999999,276.647
535,0.1778279410038923,0.6833333333333332,280.88
536,0.1778279410038923,0.7416666666666666,284.725
537,0.1778279410038923,0.7999999999999999,288.281
538,0.1778279410038923,0.8583333333333333,291.56
539,0.1778279410038923,0.9166666666666665,294.848
540,0.1778279410038923,0.9749999999999999,297.825
541,0.1778279410038923,1.0333333333333332,329.728
542,0.1778279410038923,1.0916666666666666,333.669
543,0.1778279410038923,1.15,338.209
544,0.1778279410038923,1.2083333333333333,343.508
545,0.1778279410038923,1.2666666666666666,349.362
546,0.1778279410038923,1.325,355.602
547,0.1778279410038923,1.3833333333333333,361.787
548,0.1778279410038923,1.4416666666666667,367.641
549,0.1778279410038923,1.5,373.842
550,0.31622776601683794,0.1,186.118
551,0.31622776601683794,0.15833333333333333,206.784
552,0.31622776601683794,0.21666666666666667,222.549
553,0.31622776601683794,0.275,235.408
554,0.31622776601683794,0.3333333333333333,246.031
555,0.31622776601683794,0.3916666666666666,254.806
556,0.31622776601683794,0.44999999999999996,261.925
557,0.31622776601683794,0.5083333333333333,267.825
558,0.31622776601683794,0.5666666666666667,273.002
559,0.31622776601683794,0.6249999999999999,277.875
560,0.31622776601683794,0.6833333333333332,282.114
561,0.31622776601683794,0.7416666666666666,285.992
562,0.31622776601683794,0.7999999999999999,289.538
563,0.31622776601683794,0.8583333333333333,292.921
564,0.31622776601683794,0.9166666666666665,296.247
565,0.31622776601683794,0.9749999999999999,326.68
566,0.31622776601683794,1.0333333333333332,330.23
567,0.31622776601683794,1.0916666666666666,334.01
568,0.31622776601683794,1.15,338.318
569,0.31622776601683794,1.2083333333333333,343.305
570,0.31622776601683794,1.2666666666666666,348.849
571,0.31622776601683794,1.325,354.852
572,0.31622776601683794,1.3833333333333333,360.951
573,0.31622776601683794,1.4416666666666667,366.804
574,0.31622776601683794,1.5,372.888
575,0.5623413251903491,0.1,185.656
576,0.5623413251903491,0.15833333333333333,206.62
577,0.5623413251903491,0.21666666666666667,222.679
578,0.5623413251903491,0.275,235.761
579,0.5623413251903491,0.3333333333333333,246.588
580,0.5623413251903491,0.3916666666666666,255.484
581,0.5623413251903491,0.44999999999999996,262.687
582,0.5623413251903491,0.5083333333333333,268.646
583,0.5623413251903491,0.5666666666666667,273.98
584,0.5623413251903491,0.6249999999999999,278.912
585,0.5623413251903491,0.6833333333333332,283.161
586,0.5623413251903491,0.7416666666666666,287.077
587,0.5623413251903491,0.7999999999999999,290.606
588,0.5623413251903491,0.8583333333333333,294.146
589,0.5623413251903491,0.9166666666666665,297.392
590,0.5623413251903491,0.9749999999999999,326.864
591,0.5623413251903491,1.0333333333333332,330.293
592,0.5623413251903491,1.0916666666666666,333.902
593,0.5623413251903491,1.15,337.919
594,0.5623413251903491,1.2083333333333333,342.53
595,0.5623413251903491,1.2666666666666666,347.703
596,0.5623413251903491,1.325,353.329
597,0.5623413251903491,1.3833333333333333,359.194
598,0.5623413251903491,1.4416666666666667,364.945
599,0.5623413251903491,1.5,370.646
600,1.0,0.1,184.779
601,1.0,0.15833333333333333,205.993
602,1.0,0.21666666666666667,222.314
603,1.0,0.275,235.644
604,1.0,0.3333333333333333,246.691
605,1.0,0.3916666666666666,255.767
606,1.0,0.44999999999999996,263.1
607,1.0,0.5083333333333333,269.142
608,1.0,0.5666666666666667,274.645
609,1.0,0.6249999999999999,279.623
610,1.0,0.6833333333333332,283.901
611,1.0,0.7416666666666666,287.861
612,1.0,0.7999999999999999,291.43
613,1.0,0.8583333333333333,295.048
614,1.0,0.9166666666666665,323.31
615,1.0,0.9749999999999999,326.479
616,1.0,1.0333333333333332,329.739
617,1.0,1.0916666666666666,333.175
618,1.0,1.15,336.819
619,1.0,1.2083333333333333,341.002
620,1.0,1.2666666666666666,345.729
621,1.0,1.325,350.913
622,1.0,1.3833333333333333,356.42
623,1.0,1.4416666666666667,362.003
624,1.0,1.5,367.455
