,P_CO2 (Pa),Instellation (W/m^2),Surface_Temp (K)
0,1.0,136.0,170.788
1,1.0,184.82051282051285,182.732
2,1.0,233.64102564102564,192.62
3,1.0,282.46153846153845,200.985
4,1.0,331.28205128205127,208.352
5,1.0,380.1025641025641,214.955
6,1.0,428.9230769230769,221.013
7,1.0,477.7435897435897,226.598
8,1.0,526.5641025641025,231.739
9,1.0,575.3846153846154,236.5
10,1.0,624.2051282051281,240.961
11,1.0,673.0256410256411,245.166
12,1.0,721.8461538461538,249.083
13,1.0,770.6666666666666,252.739
14,1.0,819.4871794871794,256.198
15,1.0,868.3076923076923,259.431
16,1.0,917.1282051282051,262.456
17,1.0,965.9487179487178,265.298
18,1.0,1014.7692307692306,267.987
19,1.0,1063.5897435897434,270.56
20,1.0,1112.4102564102561,273.025
21,1.0,1161.2307692307693,275.442
22,1.0,1210.051282051282,277.78
23,1.0,1258.8717948717947,280.05
24,1.0,1307.6923076923076,282.271
25,1.0,1356.5128205128203,284.455
26,1.0,1405.3333333333333,286.609
27,1.0,1454.1538461538462,288.739
28,1.0,1502.9743589743591,290.841
29,1.0,1551.7948717948718,292.925
30,1.0,1600.6153846153848,295.056
31,1.0,1649.4358974358972,297.182
32,1.0,1698.2564102564102,331.997
33,1.0,1747.0769230769233,335.534
34,1.0,1795.8974358974358,339.207
35,1.0,1844.7179487179487,342.888
36,1.0,1893.5384615384614,346.586
37,1.0,1942.3589743589744,350.318
38,1.0,1991.179487179487,354.068
39,1.0,2040.0,357.783
40,1.425102670302998,136.0,170.959
41,1.425102670302998,184.82051282051285,182.951
42,1.425102670302998,233.64102564102564,192.873
43,1.425102670302998,282.46153846153845,201.259
44,1.425102670302998,331.28205128205127,208.657
45,1.425102670302998,380.1025641025641,215.278
46,1.425102670302998,428.9230769230769,221.363
47,1.425102670302998,477.7435897435897,226.969
48,1.425102670302998,526.5641025641025,232.12
49,1.425102670302998,575.3846153846154,236.899
50,1.425102670302998,624.2051282051281,241.375
51,1.425102670302998,673.0256410256411,245.584
52,1.425102670302998,721.8461538461538,249.503
53,1.425102670302998,770.6666666666666,253.164
54,1.425102670302998,819.4871794871794,256.627
55,1.425102670302998,868.3076923076923,259.854
56,1.425102670302998,917.1282051282051,262.875
57,1.425102670302998,965.9487179487178,265.708
58,1.425102670302998,1014.7692307692306,268.398
59,1.425102670302998,1063.5897435897434,270.972
60,1.425102670302998,1112.4102564102561,273.448
61,1.425102670302998,1161.2307692307693,275.866
62,1.425102670302998,1210.051282051282,278.206
63,1.425102670302998,1258.8717948717947,280.479
64,1.425102670302998,1307.6923076923076,282.705
65,1.425102670302998,1356.5128205128203,284.89
66,1.425102670302998,1405.3333333333333,287.051
67,1.425102670302998,1454.1538461538462,289.187
68,1.425102670302998,1502.9743589743591,291.287
69,1.425102670302998,1551.7948717948718,293.39
70,1.425102670302998,1600.6153846153848,295.523
71,1.425102670302998,1649.4358974358972,297.655
72,1.425102670302998,1698.2564102564102,332.258
73,1.425102670302998,1747.0769230769233,335.774
74,1.425102670302998,1795.8974358974358,339.429
75,1.425102670302998,1844.7179487179487,343.095
76,1.425102670302998,1893.5384615384614,346.776
77,1.425102670302998,1942.3589743589744,350.498
78,1.425102670302998,1991.179487179487,354.234
79,1.425102670302998,2040.0,357.931
80,2.0309176209047357,136.0,171.128
81,2.0309176209047357,184.82051282051285,183.171
82,2.0309176209047357,233.64102564102564,193.127
83,2.0309176209047357,282.46153846153845,201.539
84,2.0309176209047357,331.28205128205127,208.969
85,2.0309176209047357,380.1025641025641,215.607
86,2.0309176209047357,428.9230769230769,221.721
87,2.0309176209047357,477.7435897435897,227.34
88,2.0309176209047357,526.5641025641025,232.508
89,2.0309176209047357,575.3846153846154,237.296
90,2.0309176209047357,624.2051282051281,241.79
91,2.0309176209047357,673.0256410256411,246.008
92,2.0309176209047357,721.8461538461538,249.929
93,2.0309176209047357,770.6666666666666,253.596
94,2.0309176209047357,819.4871794871794,257.06
95,2.0309176209047357,868.3076923076923,260.282
96,2.0309176209047357,917.1282051282051,263.299
97,2.0309176209047357,965.9487179487178,266.128
98,2.0309176209047357,1014.7692307692306,268.819
99,2.0309176209047357,1063.5897435897434,271.387
100,2.0309176209047357,1112.4102564102561,273.876
101,2.0309176209047357,1161.2307692307693,276.298
102,2.0309176209047357,1210.051282051282,278.643
103,2.0309176209047357,1258.8717948717947,280.916
104,2.0309176209047357,1307.6923076923076,283.148
105,2.0309176209047357,1356.5128205128203,285.338
106,2.0309176209047357,1405.3333333333333,287.501
107,2.0309176209047357,1454.1538461538462,289.647
108,2.0309176209047357,1502.9743589743591,291.744
109,2.0309176209047357,1551.7948717948718,293.867
110,2.0309176209047357,1600.6153846153848,296.007
111,2.0309176209047357,1649.4358974358972,329.151
112,2.0309176209047357,1698.2564102564102,332.551
113,2.0309176209047357,1747.0769230769233,336.045
114,2.0309176209047357,1795.8974358974358,339.68
115,2.0309176209047357,1844.7179487179487,343.328
116,2.0309176209047357,1893.5384615384614,346.998
117,2.0309176209047357,1942.3589743589744,350.71
118,2.0309176209047357,1991.179487179487,354.437
119,2.0309176209047357,2040.0,358.114
120,2.894266124716751,136.0,171.301
121,2.894266124716751,184.82051282051285,183.395
122,2.894266124716751,233.64102564102564,193.386
123,2.894266124716751,282.46153846153845,201.826
124,2.894266124716751,331.28205128205127,209.286
125,2.894266124716751,380.1025641025641,215.944
126,2.894266124716751,428.9230769230769,222.089
127,2.894266124716751,477.7435897435897,227.719
128,2.894266124716751,526.5641025641025,232.905
129,2.894266124716751,575.3846153846154,237.698
130,2.894266124716751,624.2051282051281,242.211
131,2.894266124716751,673.0256410256411,246.435
132,2.894266124716751,721.8461538461538,250.36
133,2.894266124716751,770.6666666666666,254.031
134,2.894266124716751,819.4871794871794,257.491
135,2.894266124716751,868.3076923076923,260.712
136,2.894266124716751,917.1282051282051,263.721
137,2.894266124716751,965.9487179487178,266.548
138,2.894266124716751,1014.7692307692306,269.243
139,2.894266124716751,1063.5897435897434,271.808
140,2.894266124716751,1112.4102564102561,274.309
141,2.894266124716751,1161.2307692307693,276.733
142,2.894266124716751,1210.051282051282,279.082
143,2.894266124716751,1258.8717948717947,281.362
144,2.894266124716751,1307.6923076923076,283.596
145,2.894266124716751,1356.5128205128203,285.792
146,2.894266124716751,1405.3333333333333,287.963
147,2.894266124716751,1454.1538461538462,290.095
148,2.894266124716751,1502.9743589743591,292.211
149,2.894266124716751,1551.7948717948718,294.352
150,2.894266124716751,1600.6153846153848,296.499
151,2.894266124716751,1649.4358974358972,329.492
152,2.894266124716751,1698.2564102564102,332.875
153,2.894266124716751,1747.0769230769233,336.356
154,2.894266124716751,1795.8974358974358,339.973
155,2.894266124716751,1844.7179487179487,343.604
156,2.894266124716751,1893.5384615384614,347.256
157,2.894266124716751,1942.3589743589744,350.962
158,2.894266124716751,1991.179487179487,354.675
159,2.894266124716751,2040.0,358.338
160,4.1246263829013525,136.0,171.478
161,4.1246263829013525,184.82051282051285,183.625
162,4.1246263829013525,233.64102564102564,193.65
163,4.1246263829013525,282.46153846153845,202.123
164,4.1246263829013525,331.28205128205127,209.609
165,4.1246263829013525,380.1025641025641,216.288
166,4.1246263829013525,428.9230769230769,222.461
167,4.1246263829013525,477.7435897435897,228.106
168,4.1246263829013525,526.5641025641025,233.304
169,4.1246263829013525,575.3846153846154,238.107
170,4.1246263829013525,624.2051282051281,242.637
171,4.1246263829013525,673.0256410256411,246.865
172,4.1246263829013525,721.8461538461538,250.791
173,4.1246263829013525,770.6666666666666,254.467
174,4.1246263829013525,819.4871794871794,257.922
175,4.1246263829013525,868.3076923076923,261.141
176,4.1246263829013525,917.1282051282051,264.144
177,4.1246263829013525,965.9487179487178,266.967
178,4.1246263829013525,1014.7692307692306,269.659
179,4.1246263829013525,1063.5897435897434,272.227
180,4.1246263829013525,1112.4102564102561,274.742
181,4.1246263829013525,1161.2307692307693,277.166
182,4.1246263829013525,1210.051282051282,279.516
183,4.1246263829013525,1258.8717948717947,281.805
184,4.1246263829013525,1307.6923076923076,284.046
185,4.1246263829013525,1356.5128205128203,286.248
186,4.1246263829013525,1405.3333333333333,288.427
187,4.1246263829013525,1454.1538461538462,290.547
188,4.1246263829013525,1502.9743589743591,292.674
189,4.1246263829013525,1551.7948717948718,294.843
190,4.1246263829013525,1600.6153846153848,296.995
191,4.1246263829013525,1649.4358974358972,329.865
192,4.1246263829013525,1698.2564102564102,333.229
193,4.1246263829013525,1747.0769230769233,336.704
194,4.1246263829013525,1795.8974358974358,340.293
195,4.1246263829013525,1844.7179487179487,343.917
196,4.1246263829013525,1893.5384615384614,347.55
197,4.1246263829013525,1942.3589743589744,351.257
198,4.1246263829013525,1991.179487179487,354.951
199,4.1246263829013525,2040.0,358.595
200,5.878016072274914,136.0,171.658
201,5.878016072274914,184.82051282051285,183.86
202,5.878016072274914,233.64102564102564,193.918
203,5.878016072274914,282.46153846153845,202.425
204,5.878016072274914,331.28205128205127,209.938
205,5.878016072274914,380.1025641025641,216.638
206,5.878016072274914,428.9230769230769,222.838
207,5.878016072274914,477.7435897435897,228.497
208,5.878016072274914,526.5641025641025,233.704
209,5.878016072274914,575.3846153846154,238.513
210,5.878016072274914,624.2051282051281,243.056
211,5.878016072274914,673.0256410256411,247.283
212,5.878016072274914,721.8461538461538,251.211
213,5.878016072274914,770.6666666666666,254.893
214,5.878016072274914,819.4871794871794,258.344
215,5.878016072274914,868.3076923076923,261.559
216,5.878016072274914,917.1282051282051,264.56
217,5.878016072274914,965.9487179487178,267.379
218,5.878016072274914,1014.7692307692306,270.07
219,5.878016072274914,1063.5897435897434,272.636
220,5.878016072274914,1112.4102564102561,275.162
221,5.878016072274914,1161.2307692307693,277.589
222,5.878016072274914,1210.051282051282,279.943
223,5.878016072274914,1258.8717948717947,282.239
224,5.878016072274914,1307.6923076923076,284.487
225,5.878016072274914,1356.5128205128203,286.701
226,5.878016072274914,1405.3333333333333,288.875
227,5.878016072274914,1454.1538461538462,291.0
228,5.878016072274914,1502.9743589743591,293.143
229,5.878016072274914,1551.7948717948718,295.323
230,5.878016072274914,1600.6153846153848,297.49
231,5.878016072274914,1649.4358974358972,330.264
232,5.878016072274914,1698.2564102564102,333.613
233,5.878016072274914,1747.0769230769233,337.083
234,5.878016072274914,1795.8974358974358,340.656
235,5.878016072274914,1844.7179487179487,344.269
236,5.878016072274914,1893.5384615384614,347.882
237,5.878016072274914,1942.3589743589744,351.583
238,5.878016072274914,1991.179487179487,355.27
239,5.878016072274914,2040.0,358.904
240,8.37677640068292,136.0,171.836
241,8.37677640068292,184.82051282051285,184.092
242,8.37677640068292,233.64102564102564,194.187
243,8.37677640068292,282.46153846153845,202.729
244,8.37677640068292,331.28205128205127,210.264
245,8.37677640068292,380.1025641025641,216.984
246,8.37677640068292,428.9230769230769,223.207
247,8.37677640068292,477.7435897435897,228.883
248,8.37677640068292,526.5641025641025,234.093
249,8.37677640068292,575.3846153846154,238.91
250,8.37677640068292,624.2051282051281,243.46
251,8.37677640068292,673.0256410256411,247.687
252,8.37677640068292,721.8461538461538,251.614
253,8.37677640068292,770.6666666666666,255.295
254,8.37677640068292,819.4871794871794,258.744
255,8.37677640068292,868.3076923076923,261.955
256,8.37677640068292,917.1282051282051,264.957
257,8.37677640068292,965.9487179487178,267.777
258,8.37677640068292,1014.7692307692306,270.467
259,8.37677640068292,1063.5897435897434,273.041
260,8.37677640068292,1112.4102564102561,275.565
261,8.37677640068292,1161.2307692307693,277.991
262,8.37677640068292,1210.051282051282,280.352
263,8.37677640068292,1258.8717948717947,282.657
264,8.37677640068292,1307.6923076923076,284.913
265,8.37677640068292,1356.5128205128203,287.137
266,8.37677640068292,1405.3333333333333,289.297
267,8.37677640068292,1454.1538461538462,291.435
268,8.37677640068292,1502.9743589743591,293.601
269,8.37677640068292,1551.7948717948718,295.794
270,8.37677640068292,1600.6153846153848,297.973
271,8.37677640068292,1649.4358974358972,330.689
272,8.37677640068292,1698.2564102564102,334.026
273,8.37677640068292,1747.0769230769233,337.497
274,8.37677640068292,1795.8974358974358,341.055
275,8.37677640068292,1844.7179487179487,344.655
276,8.37677640068292,1893.5384615384614,348.262
277,8.37677640068292,1942.3589743589744,351.956
278,8.37677640068292,1991.179487179487,355.633
279,8.37677640068292,2040.0,359.253
280,11.93776641714437,136.0,172.004
281,11.93776641714437,184.82051282051285,184.316
282,11.93776641714437,233.64102564102564,194.446
283,11.93776641714437,282.46153846153845,203.021
284,11.93776641714437,331.28205128205127,210.575
285,11.93776641714437,380.1025641025641,217.312
286,11.93776641714437,428.9230769230769,223.559
287,11.93776641714437,477.7435897435897,229.25
288,11.93776641714437,526.5641025641025,234.465
289,11.93776641714437,575.3846153846154,239.284
290,11.93776641714437,624.2051282051281,243.845
291,11.93776641714437,673.0256410256411,248.069
292,11.93776641714437,721.8461538461538,251.993
293,11.93776641714437,770.6666666666666,255.671
294,11.93776641714437,819.4871794871794,259.117
295,11.93776641714437,868.3076923076923,262.325
296,11.93776641714437,917.1282051282051,265.322
297,11.93776641714437,965.9487179487178,268.145
298,11.93776641714437,1014.7692307692306,270.837
299,11.93776641714437,1063.5897435897434,273.421
300,11.93776641714437,1112.4102564102561,275.943
301,11.93776641714437,1161.2307692307693,278.369
302,11.93776641714437,1210.051282051282,280.731
303,11.93776641714437,1258.8717948717947,283.046
304,11.93776641714437,1307.6923076923076,285.312
305,11.93776641714437,1356.5128205128203,287.534
306,11.93776641714437,1405.3333333333333,289.696
307,11.93776641714437,1454.1538461538462,291.851
308,11.93776641714437,1502.9743589743591,294.038
309,11.93776641714437,1551.7948717948718,296.245
310,11.93776641714437,1600.6153846153848,327.918
311,11.93776641714437,1649.4358974358972,331.141
312,11.93776641714437,1698.2564102564102,334.471
313,11.93776641714437,1747.0769230769233,337.942
314,11.93776641714437,1795.8974358974358,341.482
315,11.93776641714437,1844.7179487179487,345.078
316,11.93776641714437,1893.5384615384614,348.683
317,11.93776641714437,1942.3589743589744,352.376
318,11.93776641714437,1991.179487179487,356.043
319,11.93776641714437,2040.0,359.652
320,17.012542798525892,136.0,172.155
321,17.012542798525892,184.82051282051285,184.523
322,17.012542798525892,233.64102564102564,194.687
323,17.012542798525892,282.46153846153845,203.286
324,17.012542798525892,331.28205128205127,210.867
325,17.012542798525892,380.1025641025641,217.623
326,17.012542798525892,428.9230769230769,223.888
327,17.012542798525892,477.7435897435897,229.585
328,17.012542798525892,526.5641025641025,234.812
329,17.012542798525892,575.3846153846154,239.636
330,17.012542798525892,624.2051282051281,244.2
331,17.012542798525892,673.0256410256411,248.421
332,17.012542798525892,721.8461538461538,252.34
333,17.012542798525892,770.6666666666666,256.014
334,17.012542798525892,819.4871794871794,259.453
335,17.012542798525892,868.3076923076923,262.66
336,17.012542798525892,917.1282051282051,265.653
337,17.012542798525892,965.9487179487178,268.48
338,17.012542798525892,1014.7692307692306,271.173
339,17.012542798525892,1063.5897435897434,273.765
340,17.012542798525892,1112.4102564102561,276.289
341,17.012542798525892,1161.2307692307693,278.715
342,17.012542798525892,1210.051282051282,281.078
343,17.012542798525892,1258.8717948717947,283.395
344,17.012542798525892,1307.6923076923076,285.674
345,17.012542798525892,1356.5128205128203,287.891
346,17.012542798525892,1405.3333333333333,290.061
347,17.012542798525892,1454.1538461538462,292.237
348,17.012542798525892,1502.9743589743591,294.446
349,17.012542798525892,1551.7948717948718,296.665
350,17.012542798525892,1600.6153846153848,328.402
351,17.012542798525892,1649.4358974358972,331.619
352,17.012542798525892,1698.2564102564102,334.947
353,17.012542798525892,1747.0769230769233,338.417
354,17.012542798525892,1795.8974358974358,341.949
355,17.012542798525892,1844.7179487179487,345.537
356,17.012542798525892,1893.5384615384614,349.156
357,17.012542798525892,1942.3589743589744,352.842
358,17.012542798525892,1991.179487179487,356.511
359,17.012542798525892,2040.0,360.1
360,24.244620170823282,136.0,172.284
361,24.244620170823282,184.82051282051285,184.706
362,24.244620170823282,233.64102564102564,194.902
363,24.244620170823282,282.46153846153845,203.524
364,24.244620170823282,331.28205128205127,211.128
365,24.244620170823282,380.1025641025641,217.906
366,24.244620170823282,428.9230769230769,224.185
367,24.244620170823282,477.7435897435897,229.889
368,24.244620170823282,526.5641025641025,235.124
369,24.244620170823282,575.3846153846154,239.958
370,24.244620170823282,624.2051282051281,244.521
371,24.244620170823282,673.0256410256411,248.739
372,24.244620170823282,721.8461538461538,252.652
373,24.244620170823282,770.6666666666666,256.32
374,24.244620170823282,819.4871794871794,259.751
375,24.244620170823282,868.3076923076923,262.957
376,24.244620170823282,917.1282051282051,265.947
377,24.244620170823282,965.9487179487178,268.779
378,24.244620170823282,1014.7692307692306,271.471
379,24.244620170823282,1063.5897435897434,274.074
380,24.244620170823282,1112.4102564102561,276.597
381,24.244620170823282,1161.2307692307693,279.023
382,24.244620170823282,1210.051282051282,281.388
383,24.244620170823282,1258.8717948717947,283.707
384,24.244620170823282,1307.6923076923076,285.986
385,24.244620170823282,1356.5128205128203,288.21
386,24.244620170823282,1405.3333333333333,290.392
387,24.244620170823282,1454.1538461538462,292.585
388,24.244620170823282,1502.9743589743591,294.82
389,24.244620170823282,1551.7948717948718,297.052
390,24.244620170823282,1600.6153846153848,328.907
391,24.244620170823282,1649.4358974358972,332.123
392,24.244620170823282,1698.2564102564102,335.449
393,24.244620170823282,1747.0769230769233,338.925
394,24.244620170823282,1795.8974358974358,342.454
395,24.244620170823282,1844.7179487179487,346.041
396,24.244620170823282,1893.5384615384614,349.666
397,24.244620170823282,1942.3589743589744,353.351
398,24.244620170823282,1991.179487179487,357.019
399,24.244620170823282,2040.0,360.594
400,34.5510729459222,136.0,172.39
401,34.5510729459222,184.82051282051285,184.868
402,34.5510729459222,233.64102564102564,195.091
403,34.5510729459222,282.46153846153845,203.738
404,34.5510729459222,331.28205128205127,211.361
405,34.5510729459222,380.1025641025641,218.161
406,34.5510729459222,428.9230769230769,224.455
407,34.5510729459222,477.7435897435897,230.163
408,34.5510729459222,526.5641025641025,235.403
409,34.5510729459222,575.3846153846154,240.248
410,34.5510729459222,624.2051282051281,244.81
411,34.5510729459222,673.0256410256411,249.023
412,34.5510729459222,721.8461538461538,252.931
413,34.5510729459222,770.6666666666666,256.594
414,34.5510729459222,819.4871794871794,260.018
415,34.5510729459222,868.3076923076923,263.217
416,34.5510729459222,917.1282051282051,266.207
417,34.5510729459222,965.9487179487178,269.043
418,34.5510729459222,1014.7692307692306,271.736
419,34.5510729459222,1063.5897435897434,274.35
420,34.5510729459222,1112.4102564102561,276.873
421,34.5510729459222,1161.2307692307693,279.296
422,34.5510729459222,1210.051282051282,281.663
423,34.5510729459222,1258.8717948717947,283.983
424,34.5510729459222,1307.6923076923076,286.259
425,34.5510729459222,1356.5128205128203,288.491
426,34.5510729459222,1405.3333333333333,290.691
427,34.5510729459222,1454.1538461538462,292.901
428,34.5510729459222,1502.9743589743591,295.159
429,34.5510729459222,1551.7948717948718,297.408
430,34.5510729459222,1600.6153846153848,329.431
431,34.5510729459222,1649.4358974358972,332.651
432,34.5510729459222,1698.2564102564102,335.976
433,34.5510729459222,1747.0769230769233,339.462
434,34.5510729459222,1795.8974358974358,343.003
435,34.5510729459222,1844.7179487179487,346.583
436,34.5510729459222,1893.5384615384614,350.226
437,34.5510729459222,1942.3589743589744,353.914
438,34.5510729459222,1991.179487179487,357.574
439,34.5510729459222,2040.0,361.135
440,49.238826317067414,136.0,172.482
441,49.238826317067414,184.82051282051285,185.013
442,49.238826317067414,233.64102564102564,195.263
443,49.238826317067414,282.46153846153845,203.937
444,49.238826317067414,331.28205128205127,211.579
445,49.238826317067414,380.1025641025641,218.402
446,49.238826317067414,428.9230769230769,224.703
447,49.238826317067414,477.7435897435897,230.42
448,49.238826317067414,526.5641025641025,235.663
449,49.238826317067414,575.3846153846154,240.52
450,49.238826317067414,624.2051282051281,245.078
451,49.238826317067414,673.0256410256411,249.285
452,49.238826317067414,721.8461538461538,253.189
453,49.238826317067414,770.6666666666666,256.849
454,49.238826317067414,819.4871794871794,260.264
455,49.238826317067414,868.3076923076923,263.456
456,49.238826317067414,917.1282051282051,266.444
457,49.238826317067414,965.9487179487178,269.283
458,49.238826317067414,1014.7692307692306,271.98
459,49.238826317067414,1063.5897435897434,274.606
460,49.238826317067414,1112.4102564102561,277.128
461,49.238826317067414,1161.2307692307693,279.55
462,49.238826317067414,1210.051282051282,281.917
463,49.238826317067414,1258.8717948717947,284.239
464,49.238826317067414,1307.6923076923076,286.51
465,49.238826317067414,1356.5128205128203,288.749
466,49.238826317067414,1405.3333333333333,290.967
467,49.238826317067414,1454.1538461538462,293.201
468,49.238826317067414,1502.9743589743591,295.471
469,49.238826317067414,1551.7948717948718,297.738
470,49.238826317067414,1600.6153846153848,329.978
471,49.238826317067414,1649.4358974358972,333.203
472,49.238826317067414,1698.2564102564102,336.545
473,49.238826317067414,1747.0769230769233,340.033
474,49.238826317067414,1795.8974358974358,343.585
475,49.238826317067414,1844.7179487179487,347.168
476,49.238826317067414,1893.5384615384614,350.83
477,49.238826317067414,1942.3589743589744,354.515
478,49.238826317067414,1991.179487179487,358.185
479,49.238826317067414,2040.0,361.735
480,70.1703828670383,136.0,172.578
481,70.1703828670383,184.82051282051285,185.159
482,70.1703828670383,233.64102564102564,195.44
483,70.1703828670383,282.46153846153845,204.141
484,70.1703828670383,331.28205128205127,211.803
485,70.1703828670383,380.1025641025641,218.647
486,70.1703828670383,428.9230769230769,224.957
487,70.1703828670383,477.7435897435897,230.682
488,70.1703828670383,526.5641025641025,235.929
489,70.1703828670383,575.3846153846154,240.793
490,70.1703828670383,624.2051282051281,245.347
491,70.1703828670383,673.0256410256411,249.552
492,70.1703828670383,721.8461538461538,253.452
493,70.1703828670383,770.6666666666666,257.109
494,70.1703828670383,819.4871794871794,260.516
495,70.1703828670383,868.3076923076923,263.7
496,70.1703828670383,917.1282051282051,266.684
497,70.1703828670383,965.9487179487178,269.523
498,70.1703828670383,1014.7692307692306,272.223
499,70.1703828670383,1063.5897435897434,274.86
500,70.1703828670383,1112.4102564102561,277.382
501,70.1703828670383,1161.2307692307693,279.807
502,70.1703828670383,1210.051282051282,282.173
503,70.1703828670383,1258.8717948717947,284.489
504,70.1703828670383,1307.6923076923076,286.762
505,70.1703828670383,1356.5128205128203,289.003
506,70.1703828670383,1405.3333333333333,291.232
507,70.1703828670383,1454.1538461538462,293.489
508,70.1703828670383,1502.9743589743591,295.774
509,70.1703828670383,1551.7948717948718,327.427
510,70.1703828670383,1600.6153846153848,330.549
511,70.1703828670383,1649.4358974358972,333.781
512,70.1703828670383,1698.2564102564102,337.156
513,70.1703828670383,1747.0769230769233,340.643
514,70.1703828670383,1795.8974358974358,344.205
515,70.1703828670383,1844.7179487179487,347.79
516,70.1703828670383,1893.5384615384614,351.475
517,70.1703828670383,1942.3589743589744,355.175
518,70.1703828670383,1991.179487179487,358.834
519,70.1703828670383,2040.0,362.375
520,100.0,136.0,172.697
521,100.0,184.82051282051285,185.332
522,100.0,233.64102564102564,195.647
523,100.0,282.46153846153845,204.376
524,100.0,331.28205128205127,212.058
525,100.0,380.1025641025641,218.924
526,100.0,428.9230769230769,225.238
527,100.0,477.7435897435897,230.976
528,100.0,526.5641025641025,236.225
529,100.0,575.3846153846154,241.098
530,100.0,624.2051282051281,245.652
531,100.0,673.0256410256411,249.852
532,100.0,721.8461538461538,253.749
533,100.0,770.6666666666666,257.402
534,100.0,819.4871794871794,260.804
535,100.0,868.3076923076923,263.977
536,100.0,917.1282051282051,266.955
537,100.0,965.9487179487178,269.791
538,100.0,1014.7692307692306,272.491
539,100.0,1063.5897435897434,275.135
540,100.0,1112.4102564102561,277.659
541,100.0,1161.2307692307693,280.089
542,100.0,1210.051282051282,282.455
543,100.0,1258.8717948717947,284.765
544,100.0,1307.6923076923076,287.036
545,100.0,1356.5128205128203,289.275
546,100.0,1405.3333333333333,291.513
547,100.0,1454.1538461538462,293.787
548,100.0,1502.9743589743591,296.087
549,100.0,1551.7948717948718,328.001
550,100.0,1600.6153846153848,331.148
551,100.0,1649.4358974358972,334.398
552,100.0,1698.2564102564102,337.798
553,100.0,1747.0769230769233,341.292
554,100.0,1795.8974358974358,344.864
555,100.0,1844.7179487179487,348.46
556,100.0,1893.5384615384614,352.163
557,100.0,1942.3589743589744,355.868
558,100.0,1991.179487179487,359.522
559,100.0,2040.0,363.05
560,142.51026703029993,136.0,172.855
561,142.51026703029993,184.82051282051285,185.551
562,142.51026703029993,233.64102564102564,195.902
563,142.51026703029993,282.46153846153845,204.664
564,142.51026703029993,331.28205128205127,212.367
565,142.51026703029993,380.1025641025641,219.253
566,142.51026703029993,428.9230769230769,225.575
567,142.51026703029993,477.7435897435897,231.324
568,142.51026703029993,526.5641025641025,236.577
569,142.51026703029993,575.3846153846154,241.459
570,142.51026703029993,624.2051282051281,246.014
571,142.51026703029993,673.0256410256411,250.213
572,142.51026703029993,721.8461538461538,254.104
573,142.51026703029993,770.6666666666666,257.755
574,142.51026703029993,819.4871794871794,261.15
575,142.51026703029993,868.3076923076923,264.313
576,142.51026703029993,917.1282051282051,267.281
577,142.51026703029993,965.9487179487178,270.114
578,142.51026703029993,1014.7692307692306,272.815
579,142.51026703029993,1063.5897435897434,275.46
580,142.51026703029993,1112.4102564102561,277.983
581,142.51026703029993,1161.2307692307693,280.417
582,142.51026703029993,1210.051282051282,282.786
583,142.51026703029993,1258.8717948717947,285.092
584,142.51026703029993,1307.6923076923076,287.355
585,142.51026703029993,1356.5128205128203,289.592
586,142.51026703029993,1405.3333333333333,291.833
587,142.51026703029993,1454.1538461538462,294.122
588,142.51026703029993,1502.9743589743591,296.428
589,142.51026703029993,1551.7948717948718,328.611
590,142.51026703029993,1600.6153846153848,331.774
591,142.51026703029993,1649.4358974358972,335.05
592,142.51026703029993,1698.2564102564102,338.476
593,142.51026703029993,1747.0769230769233,341.983
594,142.51026703029993,1795.8974358974358,345.557
595,142.51026703029993,1844.7179487179487,349.18
596,142.51026703029993,1893.5384615384614,352.893
597,142.51026703029993,1942.3589743589744,356.597
598,142.51026703029993,1991.179487179487,360.245
599,142.51026703029993,2040.0,363.759
600,203.09176209047368,136.0,173.057
601,203.09176209047368,184.82051282051285,185.828
602,203.09176209047368,233.64102564102564,196.218
603,203.09176209047368,282.46153846153845,205.023
604,203.09176209047368,331.28205128205127,212.745
605,203.09176209047368,380.1025641025641,219.653
606,203.09176209047368,428.9230769230769,225.987
607,203.09176209047368,477.7435897435897,231.743
608,203.09176209047368,526.5641025641025,237.006
609,203.09176209047368,575.3846153846154,241.897
610,203.09176209047368,624.2051282051281,246.455
611,203.09176209047368,673.0256410256411,250.651
612,203.09176209047368,721.8461538461538,254.546
613,203.09176209047368,770.6666666666666,258.187
614,203.09176209047368,819.4871794871794,261.573
615,203.09176209047368,868.3076923076923,264.727
616,203.09176209047368,917.1282051282051,267.686
617,203.09176209047368,965.9487179487178,270.512
618,203.09176209047368,1014.7692307692306,273.217
619,203.09176209047368,1063.5897435897434,275.855
620,203.09176209047368,1112.4102564102561,278.376
621,203.09176209047368,1161.2307692307693,280.81
622,203.09176209047368,1210.051282051282,283.181
623,203.09176209047368,1258.8717948717947,285.486
624,203.09176209047368,1307.6923076923076,287.742
625,203.09176209047368,1356.5128205128203,289.969
626,203.09176209047368,1405.3333333333333,292.215
627,203.09176209047368,1454.1538461538462,294.512
628,203.09176209047368,1502.9743589743591,296.817
629,203.09176209047368,1551.7948717948718,329.251
630,203.09176209047368,1600.6153846153848,332.44
631,203.09176209047368,1649.4358974358972,335.734
632,203.09176209047368,1698.2564102564102,339.188
633,203.09176209047368,1747.0769230769233,342.719
634,203.09176209047368,1795.8974358974358,346.294
635,203.09176209047368,1844.7179487179487,349.943
636,203.09176209047368,1893.5384615384614,353.662
637,203.09176209047368,1942.3589743589744,357.37
638,203.09176209047368,1991.179487179487,360.996
639,203.09176209047368,2040.0,364.504
640,289.4266124716752,136.0,173.305
641,289.4266124716752,184.82051282051285,186.163
642,289.4266124716752,233.64102564102564,196.597
643,289.4266124716752,282.46153846153845,205.443
644,289.4266124716752,331.28205128205127,213.188
645,289.4266124716752,380.1025641025641,220.127
646,289.4266124716752,428.9230769230769,226.48
647,289.4266124716752,477.7435897435897,232.241
648,289.4266124716752,526.5641025641025,237.51
649,289.4266124716752,575.3846153846154,242.425
650,289.4266124716752,624.2051282051281,246.983
651,289.4266124716752,673.0256410256411,251.175
652,289.4266124716752,721.8461538461538,255.074
653,289.4266124716752,770.6666666666666,258.703
654,289.4266124716752,819.4871794871794,262.078
655,289.4266124716752,868.3076923076923,265.22
656,289.4266124716752,917.1282051282051,268.172
657,289.4266124716752,965.9487179487178,270.992
658,289.4266124716752,1014.7692307692306,273.7
659,289.4266124716752,1063.5897435897434,276.332
660,289.4266124716752,1112.4102564102561,278.853
661,289.4266124716752,1161.2307692307693,281.284
662,289.4266124716752,1210.051282051282,283.652
663,289.4266124716752,1258.8717948717947,285.957
664,289.4266124716752,1307.6923076923076,288.209
665,289.4266124716752,1356.5128205128203,290.424
666,289.4266124716752,1405.3333333333333,292.665
667,289.4266124716752,1454.1538461538462,294.974
668,289.4266124716752,1502.9743589743591,297.268
669,289.4266124716752,1551.7948717948718,329.927
670,289.4266124716752,1600.6153846153848,333.136
671,289.4266124716752,1649.4358974358972,336.461
672,289.4266124716752,1698.2564102564102,339.941
673,289.4266124716752,1747.0769230769233,343.497
674,289.4266124716752,1795.8974358974358,347.082
675,289.4266124716752,1844.7179487179487,350.755
676,289.4266124716752,1893.5384615384614,354.474
677,289.4266124716752,1942.3589743589744,358.184
678,289.4266124716752,1991.179487179487,361.793
679,289.4266124716752,2040.0,365.277
680,412.4626382901352,136.0,173.591
681,412.4626382901352,184.82051282051285,186.542
682,412.4626382901352,233.64102564102564,197.03
683,412.4626382901352,282.46153846153845,205.916
684,412.4626382901352,331.28205128205127,213.691
685,412.4626382901352,380.1025641025641,220.672
686,412.4626382901352,428.9230769230769,227.047
687,412.4626382901352,477.7435897435897,232.821
688,412.4626382901352,526.5641025641025,238.099
689,412.4626382901352,575.3846153846154,243.034
690,412.4626382901352,624.2051282051281,247.587
691,412.4626382901352,673.0256410256411,251.78
692,412.4626382901352,721.8461538461538,255.683
693,412.4626382901352,770.6666666666666,259.304
694,412.4626382901352,819.4871794871794,262.672
695,412.4626382901352,868.3076923076923,265.798
696,412.4626382901352,917.1282051282051,268.749
697,412.4626382901352,965.9487179487178,271.556
698,412.4626382901352,1014.7692307692306,274.272
699,412.4626382901352,1063.5897435897434,276.894
700,412.4626382901352,1112.4102564102561,279.41
701,412.4626382901352,1161.2307692307693,281.844
702,412.4626382901352,1210.051282051282,284.212
703,412.4626382901352,1258.8717948717947,286.513
704,412.4626382901352,1307.6923076923076,288.758
705,412.4626382901352,1356.5128205128203,290.972
706,412.4626382901352,1405.3333333333333,293.215
707,412.4626382901352,1454.1538461538462,295.51
708,412.4626382901352,1502.9743589743591,297.796
709,412.4626382901352,1551.7948717948718,330.628
710,412.4626382901352,1600.6153846153848,333.861
711,412.4626382901352,1649.4358974358972,337.241
712,412.4626382901352,1698.2564102564102,340.743
713,412.4626382901352,1747.0769230769233,344.316
714,412.4626382901352,1795.8974358974358,347.915
715,412.4626382901352,1844.7179487179487,351.62
716,412.4626382901352,1893.5384615384614,355.339
717,412.4626382901352,1942.3589743589744,359.038
718,412.4626382901352,1991.179487179487,362.626
719,412.4626382901352,2040.0,366.088
720,587.8016072274912,136.0,173.903
721,587.8016072274912,184.82051282051285,186.954
722,587.8016072274912,233.64102564102564,197.494
723,587.8016072274912,282.46153846153845,206.435
724,587.8016072274912,331.28205128205127,214.246
725,587.8016072274912,380.1025641025641,221.273
726,587.8016072274912,428.9230769230769,227.666
727,587.8016072274912,477.7435897435897,233.464
728,587.8016072274912,526.5641025641025,238.757
729,587.8016072274912,575.3846153846154,243.714
730,587.8016072274912,624.2051282051281,248.274
731,587.8016072274912,673.0256410256411,252.471
732,587.8016072274912,721.8461538461538,256.379
733,587.8016072274912,770.6666666666666,259.994
734,587.8016072274912,819.4871794871794,263.349
735,587.8016072274912,868.3076923076923,266.462
736,587.8016072274912,917.1282051282051,269.411
737,587.8016072274912,965.9487179487178,272.207
738,587.8016072274912,1014.7692307692306,274.934
739,587.8016072274912,1063.5897435897434,277.546
740,587.8016072274912,1112.4102564102561,280.058
741,587.8016072274912,1161.2307692307693,282.493
742,587.8016072274912,1210.051282051282,284.862
743,587.8016072274912,1258.8717948717947,287.158
744,587.8016072274912,1307.6923076923076,289.392
745,587.8016072274912,1356.5128205128203,291.605
746,587.8016072274912,1405.3333333333333,293.859
747,587.8016072274912,1454.1538461538462,296.136
748,587.8016072274912,1502.9743589743591,328.211
749,587.8016072274912,1551.7948717948718,331.36
750,587.8016072274912,1600.6153846153848,334.629
751,587.8016072274912,1649.4358974358972,338.061
752,587.8016072274912,1698.2564102564102,341.595
753,587.8016072274912,1747.0769230769233,345.182
754,587.8016072274912,1795.8974358974358,348.807
755,587.8016072274912,1844.7179487179487,352.528
756,587.8016072274912,1893.5384615384614,356.258
757,587.8016072274912,1942.3589743589744,359.938
758,587.8016072274912,1991.179487179487,363.492
759,587.8016072274912,2040.0,366.942
760,837.6776400682925,136.0,174.226
761,837.6776400682925,184.82051282051285,187.376
762,837.6776400682925,233.64102564102564,197.983
763,837.6776400682925,282.46153846153845,206.991
764,837.6776400682925,331.28205128205127,214.843
765,837.6776400682925,380.1025641025641,221.918
766,837.6776400682925,428.9230769230769,228.343
767,837.6776400682925,477.7435897435897,234.164
768,837.6776400682925,526.5641025641025,239.479
769,837.6776400682925,575.3846153846154,244.466
770,837.6776400682925,624.2051282051281,249.036
771,837.6776400682925,673.0256410256411,253.234
772,837.6776400682925,721.8461538461538,257.146
773,837.6776400682925,770.6666666666666,260.755
774,837.6776400682925,819.4871794871794,264.096
775,837.6776400682925,868.3076923076923,267.199
776,837.6776400682925,917.1282051282051,270.149
777,837.6776400682925,965.9487179487178,272.946
778,837.6776400682925,1014.7692307692306,275.676
779,837.6776400682925,1063.5897435897434,278.285
780,837.6776400682925,1112.4102564102561,280.791
781,837.6776400682925,1161.2307692307693,283.232
782,837.6776400682925,1210.051282051282,285.603
783,837.6776400682925,1258.8717948717947,287.887
784,837.6776400682925,1307.6923076923076,290.111
785,837.6776400682925,1356.5128205128203,292.335
786,837.6776400682925,1405.3333333333333,294.595
787,837.6776400682925,1454.1538461538462,296.852
788,837.6776400682925,1502.9743589743591,328.952
789,837.6776400682925,1551.7948717948718,332.122
790,837.6776400682925,1600.6153846153848,335.435
791,837.6776400682925,1649.4358974358972,338.918
792,837.6776400682925,1698.2564102564102,342.49
793,837.6776400682925,1747.0769230769233,346.094
794,837.6776400682925,1795.8974358974358,349.76
795,837.6776400682925,1844.7179487179487,353.493
796,837.6776400682925,1893.5384615384614,357.219
797,837.6776400682925,1942.3589743589744,360.872
798,837.6776400682925,1991.179487179487,364.403
799,837.6776400682925,2040.0,367.841
800,1193.776641714437,136.0,174.558
801,1193.776641714437,184.82051282051285,187.803
802,1193.776641714437,233.64102564102564,198.484
803,1193.776641714437,282.46153846153845,207.556
804,1193.776641714437,331.28205128205127,215.457
805,1193.776641714437,380.1025641025641,222.598
806,1193.776641714437,428.9230769230769,229.066
807,1193.776641714437,477.7435897435897,234.916
808,1193.776641714437,526.5641025641025,240.272
809,1193.776641714437,575.3846153846154,245.277
810,1193.776641714437,624.2051282051281,249.849
811,1193.776641714437,673.0256410256411,254.064
812,1193.776641714437,721.8461538461538,257.977
813,1193.776641714437,770.6666666666666,261.587
814,1193.776641714437,819.4871794871794,264.92
815,1193.776641714437,868.3076923076923,268.021
816,1193.776641714437,917.1282051282051,270.969
817,1193.776641714437,965.9487179487178,273.779
818,1193.776641714437,1014.7692307692306,276.503
819,1193.776641714437,1063.5897435897434,279.112
820,1193.776641714437,1112.4102564102561,281.62
821,1193.776641714437,1161.2307692307693,284.056
822,1193.776641714437,1210.051282051282,286.425
823,1193.776641714437,1258.8717948717947,288.705
824,1193.776641714437,1307.6923076923076,290.927
825,1193.776641714437,1356.5128205128203,293.157
826,1193.776641714437,1405.3333333333333,295.423
827,1193.776641714437,1454.1538461538462,297.661
828,1193.776641714437,1502.9743589743591,329.723
829,1193.776641714437,1551.7948717948718,332.922
830,1193.776641714437,1600.6153846153848,336.265
831,1193.776641714437,1649.4358974358972,339.805
832,1193.776641714437,1698.2564102564102,343.411
833,1193.776641714437,1747.0769230769233,347.047
834,1193.776641714437,1795.8974358974358,350.755
835,1193.776641714437,1844.7179487179487,354.499
836,1193.776641714437,1893.5384615384614,358.226
837,1193.776641714437,1942.3589743589744,361.857
838,1193.776641714437,1991.179487179487,365.364
839,1193.776641714437,2040.0,368.803
840,1701.2542798525892,136.0,174.884
841,1701.2542798525892,184.82051282051285,188.23
842,1701.2542798525892,233.64102564102564,198.989
843,1701.2542798525892,282.46153846153845,208.129
844,1701.2542798525892,331.28205128205127,216.087
845,1701.2542798525892,380.1025641025641,223.302
846,1701.2542798525892,428.9230769230769,229.812
847,1701.2542798525892,477.7435897435897,235.703
848,1701.2542798525892,526.5641025641025,241.115
849,1701.2542798525892,575.3846153846154,246.138
850,1701.2542798525892,624.2051282051281,250.727
851,1701.2542798525892,673.0256410256411,254.966
852,1701.2542798525892,721.8461538461538,258.87
853,1701.2542798525892,770.6666666666666,262.478
854,1701.2542798525892,819.4871794871794,265.799
855,1701.2542798525892,868.3076923076923,268.913
856,1701.2542798525892,917.1282051282051,271.854
857,1701.2542798525892,965.9487179487178,274.691
858,1701.2542798525892,1014.7692307692306,277.413
859,1701.2542798525892,1063.5897435897434,280.015
860,1701.2542798525892,1112.4102564102561,282.534
861,1701.2542798525892,1161.2307692307693,284.977
862,1701.2542798525892,1210.051282051282,287.338
863,1701.2542798525892,1258.8717948717947,289.608
864,1701.2542798525892,1307.6923076923076,291.844
865,1701.2542798525892,1356.5128205128203,294.096
866,1701.2542798525892,1405.3333333333333,296.347
867,1701.2542798525892,1454.1538461538462,327.489
868,1701.2542798525892,1502.9743589743591,330.534
869,1701.2542798525892,1551.7948717948718,333.735
870,1701.2542798525892,1600.6153846153848,337.127
871,1701.2542798525892,1649.4358974358972,340.709
872,1701.2542798525892,1698.2564102564102,344.353
873,1701.2542798525892,1747.0769230769233,348.022
874,1701.2542798525892,1795.8974358974358,351.78
875,1701.2542798525892,1844.7179487179487,355.542
876,1701.2542798525892,1893.5384615384614,359.267
877,1701.2542798525892,1942.3589743589744,362.88
878,1701.2542798525892,1991.179487179487,366.359
879,1701.2542798525892,2040.0,369.804
880,2424.462017082331,136.0,175.194
881,2424.462017082331,184.82051282051285,188.65
882,2424.462017082331,233.64102564102564,199.48
883,2424.462017082331,282.46153846153845,208.707
884,2424.462017082331,331.28205128205127,216.727
885,2424.462017082331,380.1025641025641,224.024
886,2424.462017082331,428.9230769230769,230.591
887,2424.462017082331,477.7435897435897,236.524
888,2424.462017082331,526.5641025641025,241.99
889,2424.462017082331,575.3846153846154,247.051
890,2424.462017082331,624.2051282051281,251.654
891,2424.462017082331,673.0256410256411,255.91
892,2424.462017082331,721.8461538461538,259.821
893,2424.462017082331,770.6666666666666,263.432
894,2424.462017082331,819.4871794871794,266.746
895,2424.462017082331,868.3076923076923,269.871
896,2424.462017082331,917.1282051282051,272.811
897,2424.462017082331,965.9487179487178,275.676
898,2424.462017082331,1014.7692307692306,278.399
899,2424.462017082331,1063.5897435897434,281.001
900,2424.462017082331,1112.4102564102561,283.535
901,2424.462017082331,1161.2307692307693,285.989
902,2424.462017082331,1210.051282051282,288.336
903,2424.462017082331,1258.8717948717947,290.596
904,2424.462017082331,1307.6923076923076,292.857
905,2424.462017082331,1356.5128205128203,295.133
906,2424.462017082331,1405.3333333333333,297.366
907,2424.462017082331,1454.1538461538462,328.305
908,2424.462017082331,1502.9743589743591,331.349
909,2424.462017082331,1551.7948717948718,334.551
910,2424.462017082331,1600.6153846153848,337.994
911,2424.462017082331,1649.4358974358972,341.609
912,2424.462017082331,1698.2564102564102,345.295
913,2424.462017082331,1747.0769230769233,349.013
914,2424.462017082331,1795.8974358974358,352.812
915,2424.462017082331,1844.7179487179487,356.597
916,2424.462017082331,1893.5384615384614,360.327
917,2424.462017082331,1942.3589743589744,363.912
918,2424.462017082331,1991.179487179487,367.395
919,2424.462017082331,2040.0,370.868
920,3455.107294592222,136.0,175.489
921,3455.107294592222,184.82051282051285,189.055
922,3455.107294592222,233.64102564102564,199.966
923,3455.107294592222,282.46153846153845,209.283
924,3455.107294592222,331.28205128205127,217.375
925,3455.107294592222,380.1025641025641,224.768
926,3455.107294592222,428.9230769230769,231.397
927,3455.107294592222,477.7435897435897,237.375
928,3455.107294592222,526.5641025641025,242.914
929,3455.107294592222,575.3846153846154,247.997
930,3455.107294592222,624.2051282051281,252.635
931,3455.107294592222,673.0256410256411,256.913
932,3455.107294592222,721.8461538461538,260.834
933,3455.107294592222,770.6666666666666,264.44
934,3455.107294592222,819.4871794871794,267.76
935,3455.107294592222,868.3076923076923,270.903
936,3455.107294592222,917.1282051282051,273.87
937,3455.107294592222,965.9487179487178,276.74
938,3455.107294592222,1014.7692307692306,279.467
939,3455.107294592222,1063.5897435897434,282.087
940,3455.107294592222,1112.4102564102561,284.624
941,3455.107294592222,1161.2307692307693,287.084
942,3455.107294592222,1210.051282051282,289.42
943,3455.107294592222,1258.8717948717947,291.705
944,3455.107294592222,1307.6923076923076,293.99
945,3455.107294592222,1356.5128205128203,296.267
946,3455.107294592222,1405.3333333333333,326.27
947,3455.107294592222,1454.1538461538462,329.168
948,3455.107294592222,1502.9743589743591,332.184
949,3455.107294592222,1551.7948717948718,335.381
950,3455.107294592222,1600.6153846153848,338.854
951,3455.107294592222,1649.4358974358972,342.491
952,3455.107294592222,1698.2564102564102,346.217
953,3455.107294592222,1747.0769230769233,349.996
954,3455.107294592222,1795.8974358974358,353.834
955,3455.107294592222,1844.7179487179487,357.645
956,3455.107294592222,1893.5384615384614,361.361
957,3455.107294592222,1942.3589743589744,364.95
958,3455.107294592222,1991.179487179487,368.425
959,3455.107294592222,2040.0,371.973
960,4923.882631706741,136.0,175.772
961,4923.882631706741,184.82051282051285,189.443
962,4923.882631706741,233.64102564102564,200.45
963,4923.882631706741,282.46153846153845,209.86
964,4923.882631706741,331.28205128205127,218.036
965,4923.882631706741,380.1025641025641,225.525
966,4923.882631706741,428.9230769230769,232.22
967,4923.882631706741,477.7435897435897,238.256
968,4923.882631706741,526.5641025641025,243.872
969,4923.882631706741,575.3846153846154,248.999
970,4923.882631706741,624.2051282051281,253.665
971,4923.882631706741,673.0256410256411,257.961
972,4923.882631706741,721.8461538461538,261.907
973,4923.882631706741,770.6666666666666,265.511
974,4923.882631706741,819.4871794871794,268.855
975,4923.882631706741,868.3076923076923,271.999
976,4923.882631706741,917.1282051282051,275.012
977,4923.882631706741,965.9487179487178,277.887
978,4923.882631706741,1014.7692307692306,280.619
979,4923.882631706741,1063.5897435897434,283.264
980,4923.882631706741,1112.4102564102561,285.821
981,4923.882631706741,1161.2307692307693,288.264
982,4923.882631706741,1210.051282051282,290.599
983,4923.882631706741,1258.8717948717947,292.921
984,4923.882631706741,1307.6923076923076,295.241
985,4923.882631706741,1356.5128205128203,297.508
986,4923.882631706741,1405.3333333333333,327.249
987,4923.882631706741,1454.1538461538462,330.082
988,4923.882631706741,1502.9743589743591,333.06
989,4923.882631706741,1551.7948717948718,336.234
990,4923.882631706741,1600.6153846153848,339.704
991,4923.882631706741,1649.4358974358972,343.353
992,4923.882631706741,1698.2564102564102,347.108
993,4923.882631706741,1747.0769230769233,350.948
994,4923.882631706741,1795.8974358974358,354.812
995,4923.882631706741,1844.7179487179487,358.651
996,4923.882631706741,1893.5384615384614,362.394
997,4923.882631706741,1942.3589743589744,365.962
998,4923.882631706741,1991.179487179487,369.442
999,4923.882631706741,2040.0,373.093
1000,7017.03828670383,136.0,176.043
1001,7017.03828670383,184.82051282051285,189.827
1002,7017.03828670383,233.64102564102564,200.933
1003,7017.03828670383,282.46153846153845,210.444
1004,7017.03828670383,331.28205128205127,218.717
1005,7017.03828670383,380.1025641025641,226.306
1006,7017.03828670383,428.9230769230769,233.082
1007,7017.03828670383,477.7435897435897,239.175
1008,7017.03828670383,526.5641025641025,244.882
1009,7017.03828670383,575.3846153846154,250.041
1010,7017.03828670383,624.2051282051281,254.753
1011,7017.03828670383,673.0256410256411,259.072
1012,7017.03828670383,721.8461538461538,263.042
1013,7017.03828670383,770.6666666666666,266.652
1014,7017.03828670383,819.4871794871794,270.027
1015,7017.03828670383,868.3076923076923,273.176
1016,7017.03828670383,917.1282051282051,276.234
1017,7017.03828670383,965.9487179487178,279.119
1018,7017.03828670383,1014.7692307692306,281.863
1019,7017.03828670383,1063.5897435897434,284.53
1020,7017.03828670383,1112.4102564102561,287.109
1021,7017.03828670383,1161.2307692307693,289.544
1022,7017.03828670383,1210.051282051282,291.906
1023,7017.03828670383,1258.8717948717947,294.261
1024,7017.03828670383,1307.6923076923076,296.603
1025,7017.03828670383,1356.5128205128203,325.536
1026,7017.03828670383,1405.3333333333333,328.314
1027,7017.03828670383,1454.1538461538462,331.09
1028,7017.03828670383,1502.9743589743591,333.999
1029,7017.03828670383,1551.7948717948718,337.134
1030,7017.03828670383,1600.6153846153848,340.56
1031,7017.03828670383,1649.4358974358972,344.199
1032,7017.03828670383,1698.2564102564102,347.964
1033,7017.03828670383,1747.0769230769233,351.836
1034,7017.03828670383,1795.8974358974358,355.729
1035,7017.03828670383,1844.7179487179487,-1.0
1036,7017.03828670383,1893.5384615384614,363.358
1037,7017.03828670383,1942.3589743589744,366.936
1038,7017.03828670383,1991.179487179487,370.43
1039,7017.03828670383,2040.0,374.177
1040,10000.0,136.0,176.306
1041,10000.0,184.82051282051285,190.208
1042,10000.0,233.64102564102564,201.409
1043,10000.0,282.46153846153845,211.036
1044,10000.0,331.28205128205127,219.413
1045,10000.0,380.1025641025641,227.124
1046,10000.0,428.9230769230769,233.972
1047,10000.0,477.7435897435897,240.145
1048,10000.0,526.5641025641025,245.933
1049,10000.0,575.3846153846154,251.145
1050,10000.0,624.2051282051281,255.908
1051,10000.0,673.0256410256411,260.252
1052,10000.0,721.8461538461538,264.245
1053,10000.0,770.6666666666666,267.866
1054,10000.0,819.4871794871794,271.283
1055,10000.0,868.3076923076923,274.472
1056,10000.0,917.1282051282051,277.546
1057,10000.0,965.9487179487178,280.439
1058,10000.0,1014.7692307692306,283.225
1059,10000.0,1063.5897435897434,285.902
1060,10000.0,1112.4102564102561,288.496
1061,10000.0,1161.2307692307693,290.933
1062,10000.0,1210.051282051282,293.351
1063,10000.0,1258.8717948717947,295.753
1064,10000.0,1307.6923076923076,324.057
1065,10000.0,1356.5128205128203,326.75
1066,10000.0,1405.3333333333333,329.453
1067,10000.0,1454.1538461538462,332.203
1068,10000.0,1502.9743589743591,335.033
1069,10000.0,1551.7948717948718,338.096
1070,10000.0,1600.6153846153848,341.45
1071,10000.0,1649.4358974358972,345.046
1072,10000.0,1698.2564102564102,348.778
1073,10000.0,1747.0769230769233,352.667
1074,10000.0,1795.8974358974358,356.599
1075,10000.0,1844.7179487179487,360.499
1076,10000.0,1893.5384615384614,364.26
1077,10000.0,1942.3589743589744,367.854
1078,10000.0,1991.179487179487,371.37
1079,10000.0,2040.0,375.192
1080,14251.026703029993,136.0,176.562
1081,14251.026703029993,184.82051282051285,190.591
1082,14251.026703029993,233.64102564102564,201.892
1083,14251.026703029993,282.46153846153845,211.638
1084,14251.026703029993,331.28205128205127,220.14
1085,14251.026703029993,380.1025641025641,227.963
1086,14251.026703029993,428.9230769230769,234.905
1087,14251.026703029993,477.7435897435897,241.19
1088,14251.026703029993,526.5641025641025,247.05
1089,14251.026703029993,575.3846153846154,252.316
1090,14251.026703029993,624.2051282051281,257.134
1091,14251.026703029993,673.0256410256411,261.517
1092,14251.026703029993,721.8461538461538,265.53
1093,14251.026703029993,770.6666666666666,269.2
1094,14251.026703029993,819.4871794871794,272.623
1095,14251.026703029993,868.3076923076923,275.874
1096,14251.026703029993,917.1282051282051,278.963
1097,14251.026703029993,965.9487179487178,281.863
1098,14251.026703029993,1014.7692307692306,284.698
1099,14251.026703029993,1063.5897435897434,287.417
1100,14251.026703029993,1112.4102564102561,290.01
1101,14251.026703029993,1161.2307692307693,292.483
1102,14251.026703029993,1210.051282051282,294.947
1103,14251.026703029993,1258.8717948717947,297.4
1104,14251.026703029993,1307.6923076923076,325.498
1105,14251.026703029993,1356.5128205128203,328.107
1106,14251.026703029993,1405.3333333333333,330.749
1107,14251.026703029993,1454.1538461538462,333.432
1108,14251.026703029993,1502.9743589743591,336.187
1109,14251.026703029993,1551.7948717948718,339.167
1110,14251.026703029993,1600.6153846153848,342.422
1111,14251.026703029993,1649.4358974358972,345.937
1112,14251.026703029993,1698.2564102564102,349.61
1113,14251.026703029993,1747.0769230769233,353.489
1114,14251.026703029993,1795.8974358974358,357.402
1115,14251.026703029993,1844.7179487179487,361.319
1116,14251.026703029993,1893.5384615384614,365.113
1117,14251.026703029993,1942.3589743589744,368.721
1118,14251.026703029993,1991.179487179487,372.254
1119,14251.026703029993,2040.0,376.106
1120,20309.17620904739,136.0,176.821
1121,20309.17620904739,184.82051282051285,190.988
1122,20309.17620904739,233.64102564102564,202.4
1123,20309.17620904739,282.46153846153845,212.275
1124,20309.17620904739,331.28205128205127,220.916
1125,20309.17620904739,380.1025641025641,228.856
1126,20309.17620904739,428.9230769230769,235.879
1127,20309.17620904739,477.7435897435897,242.284
1128,20309.17620904739,526.5641025641025,248.216
1129,20309.17620904739,575.3846153846154,253.563
1130,20309.17620904739,624.2051282051281,258.42
1131,20309.17620904739,673.0256410256411,262.873
1132,20309.17620904739,721.8461538461538,266.903
1133,20309.17620904739,770.6666666666666,270.639
1134,20309.17620904739,819.4871794871794,274.072
1135,20309.17620904739,868.3076923076923,277.396
1136,20309.17620904739,917.1282051282051,280.504
1137,20309.17620904739,965.9487179487178,283.463
1138,20309.17620904739,1014.7692307692306,286.31
1139,20309.17620904739,1063.5897435897434,289.088
1140,20309.17620904739,1112.4102564102561,291.691
1141,20309.17620904739,1161.2307692307693,294.254
1142,20309.17620904739,1210.051282051282,296.789
1143,20309.17620904739,1258.8717948717947,324.493
1144,20309.17620904739,1307.6923076923076,327.12
1145,20309.17620904739,1356.5128205128203,329.671
1146,20309.17620904739,1405.3333333333333,332.248
1147,20309.17620904739,1454.1538461538462,334.856
1148,20309.17620904739,1502.9743589743591,337.522
1149,20309.17620904739,1551.7948717948718,340.409
1150,20309.17620904739,1600.6153846153848,343.54
1151,20309.17620904739,1649.4358974358972,346.949
1152,20309.17620904739,1698.2564102564102,350.533
1153,20309.17620904739,1747.0769230769233,354.344
1154,20309.17620904739,1795.8974358974358,358.216
1155,20309.17620904739,1844.7179487179487,362.126
1156,20309.17620904739,1893.5384615384614,365.945
1157,20309.17620904739,1942.3589743589744,369.57
1158,20309.17620904739,1991.179487179487,373.123
1159,20309.17620904739,2040.0,376.923
1160,28942.661247167518,136.0,177.085
1161,28942.661247167518,184.82051282051285,191.394
1162,28942.661247167518,233.64102564102564,202.949
1163,28942.661247167518,282.46153846153845,212.95
1164,28942.661247167518,331.28205128205127,221.729
1165,28942.661247167518,380.1025641025641,229.792
1166,28942.661247167518,428.9230769230769,236.902
1167,28942.661247167518,477.7435897435897,243.435
1168,28942.661247167518,526.5641025641025,249.445
1169,28942.661247167518,575.3846153846154,254.874
1170,28942.661247167518,624.2051282051281,259.794
1171,28942.661247167518,673.0256410256411,264.322
1172,28942.661247167518,721.8461538461538,268.39
1173,28942.661247167518,770.6666666666666,272.206
1174,28942.661247167518,819.4871794871794,275.685
1175,28942.661247167518,868.3076923076923,279.069
1176,28942.661247167518,917.1282051282051,282.207
1177,28942.661247167518,965.9487179487178,285.245
1178,28942.661247167518,1014.7692307692306,288.131
1179,28942.661247167518,1063.5897435897434,290.965
1180,28942.661247167518,1112.4102564102561,293.624
1181,28942.661247167518,1161.2307692307693,296.277
1182,28942.661247167518,1210.051282051282,323.909
1183,28942.661247167518,1258.8717948717947,326.414
1184,28942.661247167518,1307.6923076923076,328.974
1185,28942.661247167518,1356.5128205128203,331.467
1186,28942.661247167518,1405.3333333333333,333.985
1187,28942.661247167518,1454.1538461538462,336.517
1188,28942.661247167518,1502.9743589743591,339.109
1189,28942.661247167518,1551.7948717948718,341.874
1190,28942.661247167518,1600.6153846153848,344.863
1191,28942.661247167518,1649.4358974358972,348.13
1192,28942.661247167518,1698.2564102564102,351.601
1193,28942.661247167518,1747.0769230769233,355.284
1194,28942.661247167518,1795.8974358974358,359.084
1195,28942.661247167518,1844.7179487179487,362.942
1196,28942.661247167518,1893.5384615384614,366.782
1197,28942.661247167518,1942.3589743589744,370.426
1198,28942.661247167518,1991.179487179487,373.981
1199,28942.661247167518,2040.0,377.644
1200,41246.263829013566,136.0,177.372
1201,41246.263829013566,184.82051282051285,191.84
1202,41246.263829013566,233.64102564102564,203.537
1203,41246.263829013566,282.46153846153845,213.663
1204,41246.263829013566,331.28205128205127,222.603
1205,41246.263829013566,380.1025641025641,230.775
1206,41246.263829013566,428.9230769230769,237.969
1207,41246.263829013566,477.7435897435897,244.654
1208,41246.263829013566,526.5641025641025,250.758
1209,41246.263829013566,575.3846153846154,256.29
1210,41246.263829013566,624.2051282051281,261.287
1211,41246.263829013566,673.0256410256411,265.928
1212,41246.263829013566,721.8461538461538,270.11
1213,41246.263829013566,770.6666666666666,273.97
1214,41246.263829013566,819.4871794871794,277.552
1215,41246.263829013566,868.3076923076923,280.981
1216,41246.263829013566,917.1282051282051,284.183
1217,41246.263829013566,965.9487179487178,287.296
1218,41246.263829013566,1014.7692307692306,290.271
1219,41246.263829013566,1063.5897435897434,293.159
1220,41246.263829013566,1112.4102564102561,295.989
1221,41246.263829013566,1161.2307692307693,323.656
1222,41246.263829013566,1210.051282051282,326.184
1223,41246.263829013566,1258.8717948717947,328.674
1224,41246.263829013566,1307.6923076923076,331.152
1225,41246.263829013566,1356.5128205128203,333.579
1226,41246.263829013566,1405.3333333333333,336.032
1227,41246.263829013566,1454.1538461538462,338.49
1228,41246.263829013566,1502.9743589743591,341.011
1229,41246.263829013566,1551.7948717948718,343.642
1230,41246.263829013566,1600.6153846153848,346.469
1231,41246.263829013566,1649.4358974358972,349.554
1232,41246.263829013566,1698.2564102564102,352.868
1233,41246.263829013566,1747.0769230769233,356.4
1234,41246.263829013566,1795.8974358974358,360.077
1235,41246.263829013566,1844.7179487179487,363.838
1236,41246.263829013566,1893.5384615384614,367.668
1237,41246.263829013566,1942.3589743589744,371.333
1238,41246.263829013566,1991.179487179487,374.873
1239,41246.263829013566,2040.0,378.403
1240,58780.16072274912,136.0,177.708
1241,58780.16072274912,184.82051282051285,192.339
1242,58780.16072274912,233.64102564102564,204.187
1243,58780.16072274912,282.46153846153845,214.434
1244,58780.16072274912,331.28205128205127,223.535
1245,58780.16072274912,380.1025641025641,231.828
1246,58780.16072274912,428.9230769230769,239.124
1247,58780.16072274912,477.7435897435897,245.983
1248,58780.16072274912,526.5641025641025,252.208
1249,58780.16072274912,575.3846153846154,257.881
1250,58780.16072274912,624.2051282051281,263.016
1251,58780.16072274912,673.0256410256411,267.767
1252,58780.16072274912,721.8461538461538,272.102
1253,58780.16072274912,770.6666666666666,276.018
1254,58780.16072274912,819.4871794871794,279.719
1255,58780.16072274912,868.3076923076923,283.204
1256,58780.16072274912,917.1282051282051,286.533
1257,58780.16072274912,965.9487179487178,289.681
1258,58780.16072274912,1014.7692307692306,292.773
1259,58780.16072274912,1063.5897435897434,295.739
1260,58780.16072274912,1112.4102564102561,323.823
1261,58780.16072274912,1161.2307692307693,326.385
1262,58780.16072274912,1210.051282051282,328.884
1263,58780.16072274912,1258.8717948717947,331.311
1264,58780.16072274912,1307.6923076923076,333.716
1265,58780.16072274912,1356.5128205128203,336.07
1266,58780.16072274912,1405.3333333333333,338.458
1267,58780.16072274912,1454.1538461538462,340.856
1268,58780.16072274912,1502.9743589743591,343.286
1269,58780.16072274912,1551.7948717948718,345.761
1270,58780.16072274912,1600.6153846153848,348.426
1271,58780.16072274912,1649.4358974358972,351.301
1272,58780.16072274912,1698.2564102564102,354.422
1273,58780.16072274912,1747.0769230769233,357.76
1274,58780.16072274912,1795.8974358974358,361.281
1275,58780.16072274912,1844.7179487179487,364.909
1276,58780.16072274912,1893.5384615384614,368.66
1277,58780.16072274912,1942.3589743589744,372.345
1278,58780.16072274912,1991.179487179487,375.882
1279,58780.16072274912,2040.0,379.39
1280,83767.76400682924,136.0,178.17
1281,83767.76400682924,184.82051282051285,192.971
1282,83767.76400682924,233.64102564102564,204.959
1283,83767.76400682924,282.46153846153845,215.3
1284,83767.76400682924,331.28205128205127,224.588
1285,83767.76400682924,380.1025641025641,233.042
1286,83767.76400682924,428.9230769230769,240.449
1287,83767.76400682924,477.7435897435897,247.523
1288,83767.76400682924,526.5641025641025,253.927
1289,83767.76400682924,575.3846153846154,259.749
1290,83767.76400682924,624.2051282051281,265.065
1291,83767.76400682924,673.0256410256411,269.933
1292,83767.76400682924,721.8461538461538,274.463
1293,83767.76400682924,770.6666666666666,278.431
1294,83767.76400682924,819.4871794871794,282.289
1295,83767.76400682924,868.3076923076923,285.83
1296,83767.76400682924,917.1282051282051,289.319
1297,83767.76400682924,965.9487179487178,292.534
1298,83767.76400682924,1014.7692307692306,295.781
1299,83767.76400682924,1063.5897435897434,324.368
1300,83767.76400682924,1112.4102564102561,327.049
1301,83767.76400682924,1161.2307692307693,329.584
1302,83767.76400682924,1210.051282051282,332.023
1303,83767.76400682924,1258.8717948717947,334.381
1304,83767.76400682924,1307.6923076923076,336.746
1305,83767.76400682924,1356.5128205128203,339.004
1306,83767.76400682924,1405.3333333333333,341.332
1307,83767.76400682924,1454.1538461538462,343.66
1308,83767.76400682924,1502.9743589743591,345.972
1309,83767.76400682924,1551.7948717948718,348.337
1310,83767.76400682924,1600.6153846153848,350.815
1311,83767.76400682924,1649.4358974358972,353.462
1312,83767.76400682924,1698.2564102564102,356.362
1313,83767.76400682924,1747.0769230769233,359.469
1314,83767.76400682924,1795.8974358974358,362.776
1315,83767.76400682924,1844.7179487179487,366.237
1316,83767.76400682924,1893.5384615384614,369.854
1317,83767.76400682924,1942.3589743589744,373.522
1318,83767.76400682924,1991.179487179487,377.105
1319,83767.76400682924,2040.0,380.571
1320,119377.66417144382,136.0,178.962
1321,119377.66417144382,184.82051282051285,193.879
1322,119377.66417144382,233.64102564102564,206.008
1323,119377.66417144382,282.46153846153845,216.478
1324,119377.66417144382,331.28205128205127,226.03
1325,119377.66417144382,380.1025641025641,234.627
1326,119377.66417144382,428.9230769230769,242.194
1327,119377.66417144382,477.7435897435897,249.557
1328,119377.66417144382,526.5641025641025,256.174
1329,119377.66417144382,575.3846153846154,262.143
1330,119377.66417144382,624.2051282051281,267.677
1331,119377.66417144382,673.0256410256411,272.772
1332,119377.66417144382,721.8461538461538,277.37
1333,119377.66417144382,770.6666666666666,281.427
1334,119377.66417144382,819.4871794871794,285.416
1335,119377.66417144382,868.3076923076923,289.161
1336,119377.66417144382,917.1282051282051,292.693
1337,119377.66417144382,965.9487179487178,296.085
1338,119377.66417144382,1014.7692307692306,325.399
1339,119377.66417144382,1063.5897435897434,328.122
1340,119377.66417144382,1112.4102564102561,330.768
1341,119377.66417144382,1161.2307692307693,333.278
1342,119377.66417144382,1210.051282051282,335.671
1343,119377.66417144382,1258.8717948717947,337.996
1344,119377.66417144382,1307.6923076923076,340.323
1345,119377.66417144382,1356.5128205128203,342.505
1346,119377.66417144382,1405.3333333333333,344.784
1347,119377.66417144382,1454.1538461538462,346.989
1348,119377.66417144382,1502.9743589743591,349.244
1349,119377.66417144382,1551.7948717948718,351.533
1350,119377.66417144382,1600.6153846153848,353.831
1351,119377.66417144382,1649.4358974358972,356.229
1352,119377.66417144382,1698.2564102564102,358.869
1353,119377.66417144382,1747.0769230769233,361.704
1354,119377.66417144382,1795.8974358974358,364.764
1355,119377.66417144382,1844.7179487179487,367.985
1356,119377.66417144382,1893.5384615384614,371.407
1357,119377.66417144382,1942.3589743589744,374.95
1358,119377.66417144382,1991.179487179487,378.572
1359,119377.66417144382,2040.0,382.084
1360,170125.42798525892,136.0,179.717
1361,170125.42798525892,184.82051282051285,194.807
1362,170125.42798525892,233.64102564102564,207.114
1363,170125.42798525892,282.46153846153845,217.72
1364,170125.42798525892,331.28205128205127,227.567
1365,170125.42798525892,380.1025641025641,236.326
1366,170125.42798525892,428.9230769230769,244.157
1367,170125.42798525892,477.7435897435897,251.706
1368,170125.42798525892,526.5641025641025,258.574
1369,170125.42798525892,575.3846153846154,264.709
1370,170125.42798525892,624.2051282051281,270.468
1371,170125.42798525892,673.0256410256411,275.82
1372,170125.42798525892,721.8461538461538,280.463
1373,170125.42798525892,770.6666666666666,284.7
1374,170125.42798525892,819.4871794871794,288.777
1375,170125.42798525892,868.3076923076923,292.76
1376,170125.42798525892,917.1282051282051,296.386
1377,170125.42798525892,965.9487179487178,326.644
1378,170125.42798525892,1014.7692307692306,329.733
1379,170125.42798525892,1063.5897435897434,332.507
1380,170125.42798525892,1112.4102564102561,335.175
1381,170125.42798525892,1161.2307692307693,337.657
1382,170125.42798525892,1210.051282051282,340.04
1383,170125.42798525892,1258.8717948717947,342.358
1384,170125.42798525892,1307.6923076923076,344.577
1385,170125.42798525892,1356.5128205128203,346.754
1386,170125.42798525892,1405.3333333333333,348.913
1387,170125.42798525892,1454.1538461538462,351.072
1388,170125.42798525892,1502.9743589743591,353.213
1389,170125.42798525892,1551.7948717948718,355.374
1390,170125.42798525892,1600.6153846153848,357.56
1391,170125.42798525892,1649.4358974358972,359.795
1392,170125.42798525892,1698.2564102564102,362.159
1393,170125.42798525892,1747.0769230769233,364.685
1394,170125.42798525892,1795.8974358974358,367.438
1395,170125.42798525892,1844.7179487179487,370.395
1396,170125.42798525892,1893.5384615384614,373.558
1397,170125.42798525892,1942.3589743589744,376.909
1398,170125.42798525892,1991.179487179487,380.406
1399,170125.42798525892,2040.0,383.972
1400,242446.20170823307,136.0,180.33
1401,242446.20170823307,184.82051282051285,195.583
1402,242446.20170823307,233.64102564102564,208.099
1403,242446.20170823307,282.46153846153845,218.859
1404,242446.20170823307,331.28205128205127,229.053
1405,242446.20170823307,380.1025641025641,237.977
1406,242446.20170823307,428.9230769230769,246.109
1407,242446.20170823307,477.7435897435897,253.949
1408,242446.20170823307,526.5641025641025,261.04
1409,242446.20170823307,575.3846153846154,267.373
1410,242446.20170823307,624.2051282051281,273.485
1411,242446.20170823307,673.0256410256411,279.09
1412,242446.20170823307,721.8461538461538,283.81
1413,242446.20170823307,770.6666666666666,288.312
1414,242446.20170823307,819.4871794871794,292.686
1415,242446.20170823307,868.3076923076923,296.832
1416,242446.20170823307,917.1282051282051,328.544
1417,242446.20170823307,965.9487179487178,331.801
1418,242446.20170823307,1014.7692307692306,334.876
1419,242446.20170823307,1063.5897435897434,337.758
1420,242446.20170823307,1112.4102564102561,340.369
1421,242446.20170823307,1161.2307692307693,342.818
1422,242446.20170823307,1210.051282051282,345.175
1423,242446.20170823307,1258.8717948717947,347.482
1424,242446.20170823307,1307.6923076923076,349.611
1425,242446.20170823307,1356.5128205128203,351.799
1426,242446.20170823307,1405.3333333333333,353.833
1427,242446.20170823307,1454.1538461538462,355.918
1428,242446.20170823307,1502.9743589743591,357.93
1429,242446.20170823307,1551.7948717948718,360.022
1430,242446.20170823307,1600.6153846153848,362.052
1431,242446.20170823307,1649.4358974358972,364.164
1432,242446.20170823307,1698.2564102564102,-1.0
1433,242446.20170823307,1747.0769230769233,-1.0
1434,242446.20170823307,1795.8974358974358,-1.0
1435,242446.20170823307,1844.7179487179487,-1.0
1436,242446.20170823307,1893.5384615384614,376.459
1437,242446.20170823307,1942.3589743589744,379.515
1438,242446.20170823307,1991.179487179487,382.784
1439,242446.20170823307,2040.0,386.207
1440,345510.7294592218,136.0,180.973
1441,345510.7294592218,184.82051282051285,196.413
1442,345510.7294592218,233.64102564102564,209.149
1443,345510.7294592218,282.46153846153845,220.075
1444,345510.7294592218,331.28205128205127,230.691
1445,345510.7294592218,380.1025641025641,239.814
1446,345510.7294592218,428.9230769230769,248.333
1447,345510.7294592218,477.7435897435897,256.503
1448,345510.7294592218,526.5641025641025,263.824
1449,345510.7294592218,575.3846153846154,270.465
1450,345510.7294592218,624.2051282051281,277.074
1451,345510.7294592218,673.0256410256411,282.767
1452,345510.7294592218,721.8461538461538,287.61
1453,345510.7294592218,770.6666666666666,292.479
1454,345510.7294592218,819.4871794871794,297.293
1455,345510.7294592218,868.3076923076923,330.718
1456,345510.7294592218,917.1282051282051,334.328
1457,345510.7294592218,965.9487179487178,337.635
1458,345510.7294592218,1014.7692307692306,340.723
1459,345510.7294592218,1063.5897435897434,343.623
1460,345510.7294592218,1112.4102564102561,346.187
1461,345510.7294592218,1161.2307692307693,348.62
1462,345510.7294592218,1210.051282051282,350.906
1463,345510.7294592218,1258.8717948717947,353.239
1464,345510.7294592218,1307.6923076923076,355.301
1465,345510.7294592218,1356.5128205128203,357.401
1466,345510.7294592218,1405.3333333333333,359.449
1467,345510.7294592218,1454.1538461538462,361.394
1468,345510.7294592218,1502.9743589743591,363.41
1469,345510.7294592218,1551.7948717948718,365.285
1470,345510.7294592218,1600.6153846153848,-1.0
1471,345510.7294592218,1649.4358974358972,-1.0
1472,345510.7294592218,1698.2564102564102,-1.0
1473,345510.7294592218,1747.0769230769233,-1.0
1474,345510.7294592218,1795.8974358974358,-1.0
1475,345510.7294592218,1844.7179487179487,-1.0
1476,345510.7294592218,1893.5384615384614,-1.0
1477,345510.7294592218,1942.3589743589744,-1.0
1478,345510.7294592218,1991.179487179487,385.888
1479,345510.7294592218,2040.0,389.053
1480,492388.26317067415,136.0,182.158
1481,492388.26317067415,184.82051282051285,197.863
1482,492388.26317067415,233.64102564102564,210.916
1483,492388.26317067415,282.46153846153845,222.012
1484,492388.26317067415,331.28205128205127,233.148
1485,492388.26317067415,380.1025641025641,242.448
1486,492388.26317067415,428.9230769230769,251.461
1487,492388.26317067415,477.7435897435897,259.884
1488,492388.26317067415,526.5641025641025,267.312
1489,492388.26317067415,575.3846153846154,274.342
1490,492388.26317067415,624.2051282051281,281.27
1491,492388.26317067415,673.0256410256411,287.018
1492,492388.26317067415,721.8461538461538,292.141
1493,492388.26317067415,770.6666666666666,297.658
1494,492388.26317067415,819.4871794871794,332.176
1495,492388.26317067415,868.3076923076923,336.857
1496,492388.26317067415,917.1282051282051,340.374
1497,492388.26317067415,965.9487179487178,343.834
1498,492388.26317067415,1014.7692307692306,346.865
1499,492388.26317067415,1063.5897435897434,349.814
1500,492388.26317067415,1112.4102564102561,352.459
1501,492388.26317067415,1161.2307692307693,354.913
1502,492388.26317067415,1210.051282051282,357.181
1503,492388.26317067415,1258.8717948717947,359.584
1504,492388.26317067415,1307.6923076923076,361.684
1505,492388.26317067415,1356.5128205128203,363.713
1506,492388.26317067415,1405.3333333333333,365.783
1507,492388.26317067415,1454.1538461538462,367.734
1508,492388.26317067415,1502.9743589743591,369.614
1509,492388.26317067415,1551.7948717948718,371.571
1510,492388.26317067415,1600.6153846153848,373.431
1511,492388.26317067415,1649.4358974358972,-1.0
1512,492388.26317067415,1698.2564102564102,-1.0
1513,492388.26317067415,1747.0769230769233,-1.0
1514,492388.26317067415,1795.8974358974358,-1.0
1515,492388.26317067415,1844.7179487179487,-1.0
1516,492388.26317067415,1893.5384615384614,-1.0
1517,492388.26317067415,1942.3589743589744,-1.0
1518,492388.26317067415,1991.179487179487,-1.0
1519,492388.26317067415,2040.0,393.228
1520,701703.8286703837,136.0,182.89
1521,701703.8286703837,184.82051282051285,198.899
1522,701703.8286703837,233.64102564102564,212.308
1523,701703.8286703837,282.46153846153845,223.786
1524,701703.8286703837,331.28205128205127,235.263
1525,701703.8286703837,380.1025641025641,244.706
1526,701703.8286703837,428.9230769230769,254.228
1527,701703.8286703837,477.7435897435897,262.741
1528,701703.8286703837,526.5641025641025,270.334
1529,701703.8286703837,575.3846153846154,277.974
1530,701703.8286703837,624.2051282051281,285.222
1531,701703.8286703837,673.0256410256411,291.239
1532,701703.8286703837,721.8461538461538,297.036
1533,701703.8286703837,770.6666666666666,333.88
1534,701703.8286703837,819.4871794871794,338.691
1535,701703.8286703837,868.3076923076923,343.651
1536,701703.8286703837,917.1282051282051,347.215
1537,701703.8286703837,965.9487179487178,350.839
1538,701703.8286703837,1014.7692307692306,353.899
1539,701703.8286703837,1063.5897435897434,357.045
1540,701703.8286703837,1112.4102564102561,359.753
1541,701703.8286703837,1161.2307692307693,362.284
1542,701703.8286703837,1210.051282051282,364.601
1543,701703.8286703837,1258.8717948717947,366.97
1544,701703.8286703837,1307.6923076923076,369.207
1545,701703.8286703837,1356.5128205128203,371.23
1546,701703.8286703837,1405.3333333333333,373.157
1547,701703.8286703837,1454.1538461538462,-1.0
1548,701703.8286703837,1502.9743589743591,377.088
1549,701703.8286703837,1551.7948717948718,378.987
1550,701703.8286703837,1600.6153846153848,380.861
1551,701703.8286703837,1649.4358974358972,382.657
1552,701703.8286703837,1698.2564102564102,-1.0
1553,701703.8286703837,1747.0769230769233,-1.0
1554,701703.8286703837,1795.8974358974358,-1.0
1555,701703.8286703837,1844.7179487179487,-1.0
1556,701703.8286703837,1893.5384615384614,-1.0
1557,701703.8286703837,1942.3589743589744,394.365
1558,701703.8286703837,1991.179487179487,-1.0
1559,701703.8286703837,2040.0,399.155
1560,1000000.0,136.0,183.8
1561,1000000.0,184.82051282051285,200.23
1562,1000000.0,233.64102564102564,214.073
1563,1000000.0,282.46153846153845,226.099
1564,1000000.0,331.28205128205127,237.658
1565,1000000.0,380.1025641025641,247.295
1566,1000000.0,428.9230769230769,257.218
1567,1000000.0,477.7435897435897,265.792
1568,1000000.0,526.5641025641025,273.568
1569,1000000.0,575.3846153846154,281.951
1570,1000000.0,624.2051282051281,289.497
1571,1000000.0,673.0256410256411,296.156
1572,1000000.0,721.8461538461538,334.277
1573,1000000.0,770.6666666666666,340.663
1574,1000000.0,819.4871794871794,345.654
1575,1000000.0,868.3076923076923,350.935
1576,1000000.0,917.1282051282051,354.501
1577,1000000.0,965.9487179487178,358.341
1578,1000000.0,1014.7692307692306,361.497
1579,1000000.0,1063.5897435897434,364.836
1580,1000000.0,1112.4102564102561,367.639
1581,1000000.0,1161.2307692307693,370.369
1582,1000000.0,1210.051282051282,372.691
1583,1000000.0,1258.8717948717947,375.066
1584,1000000.0,1307.6923076923076,377.502
1585,1000000.0,1356.5128205128203,379.542
1586,1000000.0,1405.3333333333333,381.45
1587,1000000.0,1454.1538461538462,383.584
1588,1000000.0,1502.9743589743591,385.511
1589,1000000.0,1551.7948717948718,387.327
1590,1000000.0,1600.6153846153848,389.005
1591,1000000.0,1649.4358974358972,391.033
1592,1000000.0,1698.2564102564102,392.827
1593,1000000.0,1747.0769230769233,-1.0
1594,1000000.0,1795.8974358974358,-1.0
1595,1000000.0,1844.7179487179487,-1.0
1596,1000000.0,1893.5384615384614,-1.0
1597,1000000.0,1942.3589743589744,-1.0
1598,1000000.0,1991.179487179487,-1.0
1599,1000000.0,2040.0,406.607
